"ProcedureName","Domain","DetectedPattern","RecommendedStrategy","Confidence","ProcedureType","InsertCount","InsertTables","UpdateCount","UpdateTables","DeleteCount","DeleteTables","TotalDMLOps","HasTransactionHandling","HasValidation","Rationale","SQLOperationsDetail","CallHierarchy","DeveloperCorrection","Notes","NeedsAttention"
"inv_inventory_Add_Item","Inventory","SEQUENTIAL","EXPLICIT (Already implemented)","High","Create","2","inv_inventory(1), inv_transaction(1)","1","inv_inventory_batch_seq(1)","0","","3","Yes","Yes","[SEQUENTIAL] | [2 INSERTs: inv_inventory(1), inv_transaction(1)] + [1 UPDATE: inv_inventory_batch_seq(1)] | [Has explicit transaction handling] | [Has validation]","{""ProcedureName"":""inv_inventory_Add_Item"",""TotalOperations"":3,""Operations"":[{""Index"":1,""Type"":""INSERT"",""Table"":""inv_inventory"",""Columns"":[""PartID"",""Location"",""Operation"",""Quantity"",""ItemType"",""User"",""BatchNumber"",""Notes""],""Values"":[""p_PartID"",""p_Location"",""p_Operation"",""p_Quantity"",""p_ItemType"",""p_User"",""batchStr"",""p_Notes""],""ColumnValuePairs"":[""PartID = p_PartID"",""Location = p_Location"",""Operation = p_Operation"",""Quantity = p_Quantity"",""ItemType = p_ItemType"",""User = p_User"",""BatchNumber = batchStr"",""Notes = p_Notes""],""RawSQL"":""INSERT INTO inv_inventory\n            (PartID, Location, Operation, Quantity, ItemType, User, BatchNumber, Notes)\n        VALUES\n            (p_PartID, p_Location, p_Operation, p_Quantity, p_ItemType, p_User, batchStr, p_Notes)""},{""Index"":2,""Type"":""INSERT"",""Table"":""inv_transaction"",""Columns"":[""TransactionType"",""BatchNumber"",""PartID"",""FromLocation"",""ToLocation"",""Operation"",""Quantity"",""Notes"",""User"",""ItemType""],""Values"":[""'IN'"",""batchStr"",""p_PartID"",""p_Location"",""NULL"",""p_Operation"",""p_Quantity"",""p_Notes"",""p_User"",""p_ItemType""],""ColumnValuePairs"":[""TransactionType = 'IN'"",""BatchNumber = batchStr"",""PartID = p_PartID"",""FromLocation = p_Location"",""ToLocation = NULL"",""Operation = p_Operation"",""Quantity = p_Quantity"",""Notes = p_Notes"",""User = p_User"",""ItemType = p_ItemType""],""RawSQL"":""INSERT INTO inv_transaction\n            (\n                TransactionType,\n                BatchNumber,\n                PartID,\n                FromLocation,\n                ToLocation,\n                Operation,\n                Quantity,\n                Notes,\n                User,\n                ItemType\n            )\n        VALUES\n            (\n                'IN',\n                batchStr,\n                p_PartID,\n                p_Location,\n                NULL,\n                p_Operation,\n                p_Quantity,\n                p_Notes,\n                p_User,\n                p_ItemType\n            )""},{""Index"":3,""Type"":""UPDATE"",""Table"":""inv_inventory_batch_seq"",""SetClauses"":""last_batch_number = nextBatch"",""WhereConditions"":null,""HasWhere"":false,""RawSQL"":""UPDATE inv_inventory_batch_seq SET last_batch_number = nextBatch""}]}","{""Status"":""Called from UI"",""EventHandler"":""DependencyChartViewerForm.cs.listHtmlFiles_SelectedIndexChanged"",""MethodChain"":[""if""],""DAO"":{""Method"":""AddInventoryItemAsync"",""File"":""Dao_Inventory.cs""},""StoredProcedure"":""inv_inventory_Add_Item"",""Tables"":[""inv_inventory_batch_seq"",""inv_inventory"",""inv_transaction""],""ReturnType"":""Task<DaoResult<int>>"",""UIElementUpdated"":{""OnSuccess"":""None detected"",""OnFailure"":""None detected""}}","","","False"
"inv_inventory_Fix_BatchNumbers","Inventory","BATCH_UPDATE","EXPLICIT (Already implemented)","High","Maintenance","0","","2","inv_inventory(1), inv_inventory_batch_seq(1)","0","","2","Yes","Yes","[BATCH_UPDATE] | [2 UPDATEs: inv_inventory(1), inv_inventory_batch_seq(1)] | [Has explicit transaction handling] | [Has validation]","{""ProcedureName"":""inv_inventory_Fix_BatchNumbers"",""TotalOperations"":2,""Operations"":[{""Index"":1,""Type"":""UPDATE"",""Table"":""inv_inventory"",""SetClauses"":[""BatchNumber = LPAD(nextBatch"",""10"",""'0')""],""WhereConditions"":""ID = null_id"",""HasWhere"":true,""RawSQL"":""UPDATE inv_inventory SET BatchNumber = LPAD(nextBatch, 10, '0') WHERE ID = null_id""},{""Index"":2,""Type"":""UPDATE"",""Table"":""inv_inventory_batch_seq"",""SetClauses"":""last_batch_number = nextBatch"",""WhereConditions"":null,""HasWhere"":false,""RawSQL"":""UPDATE inv_inventory_batch_seq SET last_batch_number = nextBatch""}]}","{""Status"":""Called from DAO (no UI event handler traced)"",""DAO"":{""Method"":""FixBatchNumbersAsync"",""File"":""Dao_Inventory.cs""},""StoredProcedure"":""inv_inventory_Fix_BatchNumbers"",""Tables"":[""inv_inventory"",""inv_inventory_batch_seq""],""ReturnType"":""Task<DaoResult>""}","","","False"
"inv_inventory_Get_ByPartID","Inventory","QUERY","NONE (Read-only)","High","Read","0","","0","","0","","0","No","Yes","[READ-ONLY] | [Has validation]","{""ProcedureName"":""inv_inventory_Get_ByPartID"",""TotalOperations"":0,""Operations"":[]}","{""Status"":""Called from UI"",""EventHandler"":""MainForm.cs.MainForm_MenuStrip_View_PersonalHistory_Click"",""MethodChain"":[""new""],""DAO"":{""Method"":""GetInventoryByPartIdAsync"",""File"":""Dao_Inventory.cs""},""StoredProcedure"":""inv_inventory_Get_ByPartID"",""Tables"":""inv_inventory"",""ReturnType"":""Task<DaoResult<DataTable>>"",""UIElementUpdated"":{""OnSuccess"":""None detected"",""OnFailure"":""None detected""}}","","","False"
"inv_inventory_Get_ByPartIDandOperation","Inventory","QUERY","NONE (Read-only)","High","Read","0","","0","","0","","0","No","Yes","[READ-ONLY] | [Has validation]","{""ProcedureName"":""inv_inventory_Get_ByPartIDandOperation"",""TotalOperations"":0,""Operations"":[]}","[{""Status"":""Called from UI"",""EventHandler"":""MainForm.cs.MainForm_MenuStrip_View_PersonalHistory_Click"",""MethodChain"":[""new""],""DAO"":{""Method"":""GetInventoryByPartIdAndOperationAsync"",""File"":""Dao_Inventory.cs""},""StoredProcedure"":""inv_inventory_Get_ByPartIDandOperation"",""Tables"":""inv_inventory"",""ReturnType"":""Task<DaoResult<DataTable>>"",""UIElementUpdated"":{""OnSuccess"":""None detected"",""OnFailure"":""None detected""}},{""Status"":""Called from UI"",""EventHandler"":""MainForm.cs.MainForm_MenuStrip_View_PersonalHistory_Click"",""MethodChain"":[""new""],""DAO"":{""Method"":""GetInventoryByPartIdAndOperationAsync"",""File"":""Dao_Inventory.cs""},""StoredProcedure"":""inv_inventory_Get_ByPartIDandOperation"",""Tables"":""inv_inventory"",""ReturnType"":""Task<DaoResult<DataTable>>"",""UIElementUpdated"":{""OnSuccess"":""None detected"",""OnFailure"":""None detected""}}]","","","False"
"inv_inventory_Get_ByUser","Inventory","QUERY","NONE (Read-only)","High","Read","0","","0","","0","","0","No","Yes","[READ-ONLY] | [Has validation]","{""ProcedureName"":""inv_inventory_Get_ByUser"",""TotalOperations"":0,""Operations"":[]}","{""Status"":""Called from UI"",""EventHandler"":""Model_DaoResult.cs.btnDelete_Click"",""MethodChain"":[],""DAO"":{""Method"":""GetAllInventoryAsync"",""File"":""Dao_Inventory.cs""},""StoredProcedure"":""inv_inventory_Get_ByUser"",""Tables"":""inv_inventory"",""ReturnType"":""Task<DaoResult<DataTable>>"",""UIElementUpdated"":{""OnSuccess"":""None detected"",""OnFailure"":""None detected""}}","","","False"
"inv_inventory_Remove_Item","Inventory","MIXED_DML","EXPLICIT (Already implemented)","High","Delete","1","inv_transaction(1)","0","","2","inv_inventory(2)","3","Yes","Yes","[MIXED_DML] | [1 INSERT: inv_transaction(1)] + [2 DELETEs: inv_inventory(2)] | [Has explicit transaction handling] | [Has validation]","{""ProcedureName"":""inv_inventory_Remove_Item"",""TotalOperations"":3,""Operations"":[{""Index"":1,""Type"":""INSERT"",""Table"":""inv_transaction"",""Columns"":[""TransactionType"",""PartID"",""FromLocation"",""Operation"",""Quantity"",""ItemType"",""User"",""BatchNumber"",""Notes"",""ReceiveDate""],""Values"":[""'OUT'"",""p_PartID"",""p_Location"",""p_Operation"",""p_Quantity"",""p_ItemType"",""p_User"",""p_BatchNumber"",""p_Notes"",""NOW(""],""ColumnValuePairs"":[""TransactionType = 'OUT'"",""PartID = p_PartID"",""FromLocation = p_Location"",""Operation = p_Operation"",""Quantity = p_Quantity"",""ItemType = p_ItemType"",""User = p_User"",""BatchNumber = p_BatchNumber"",""Notes = p_Notes"",""ReceiveDate = NOW(""],""RawSQL"":""INSERT INTO inv_transaction (TransactionType, PartID, FromLocation, Operation, Quantity, ItemType, User, BatchNumber, Notes, ReceiveDate)\n                VALUES ('OUT', p_PartID, p_Location, p_Operation, p_Quantity, p_ItemType, p_User, p_BatchNumber, p_Notes, NOW()""},{""Index"":2,""Type"":""DELETE"",""Table"":""inv_inventory"",""WhereConditions"":[""PartID = p_PartID"",""Location = p_Location"",""Operation = p_Operation"",""Quantity = p_Quantity"",""(p_BatchNumber IS NULL"",""p_BatchNumber = ''"",""BatchNumber = p_BatchNumber)"",""(p_Notes IS NULL"",""p_Notes = ''"",""Notes IS NULL"",""Notes = ''"",""Notes = p_Notes) LIMIT 1""],""HasWhere"":true,""Warning"":"""",""RawSQL"":""DELETE FROM inv_inventory WHERE PartID = p_PartID AND Location = p_Location AND Operation = p_Operation AND Quantity = p_Quantity\n                AND (p_BatchNumber IS NULL OR p_BatchNumber = '' OR BatchNumber = p_BatchNumber)\n                AND (p_Notes IS NULL OR p_Notes = '' OR Notes IS NULL OR Notes = '' OR Notes = p_Notes) LIMIT 1""},{""Index"":3,""Type"":""DELETE"",""Table"":""inv_inventory"",""WhereConditions"":[""PartID = p_PartID"",""Location = p_Location"",""Operation = p_Operation"",""Quantity = p_Quantity LIMIT 1""],""HasWhere"":true,""Warning"":"""",""RawSQL"":""DELETE FROM inv_inventory WHERE PartID = p_PartID AND Location = p_Location AND Operation = p_Operation AND Quantity = p_Quantity LIMIT 1""}]}","{""Status"":""Called from UI"",""EventHandler"":""DependencyChartViewerForm.cs.listHtmlFiles_SelectedIndexChanged"",""MethodChain"":[""if""],""DAO"":{""Method"":""AddInventoryItemAsync"",""File"":""Dao_Inventory.cs""},""StoredProcedure"":""inv_inventory_Remove_Item"",""Tables"":[""inv_inventory"",""inv_transaction""],""ReturnType"":""Task<DaoResult<int>>"",""UIElementUpdated"":{""OnSuccess"":""None detected"",""OnFailure"":""None detected""}}","","","False"
"inv_inventory_Search_Advanced","Inventory","QUERY","NONE (Read-only)","High","Complex","0","","0","","0","","0","Yes","Yes","[READ-ONLY] | [Has explicit transaction handling] | [Has validation]","{""ProcedureName"":""inv_inventory_Search_Advanced"",""TotalOperations"":0,""Operations"":[]}","{""Status"":""Called from UI"",""EventHandler"":""Control_AdvancedRemove.cs.Control_AdvancedRemove_Button_Delete_Click"",""MethodChain"":[],""DAO"":{""Method"":""Control_AdvancedRemove_Button_Search_Click"",""File"":""Control_AdvancedRemove.cs""},""StoredProcedure"":""inv_inventory_Search_Advanced"",""Tables"":[""DATETIME"",""inv_inventory"",""IS""],""ReturnType"":""void"",""UIElementUpdated"":{""OnSuccess"":""Show"",""OnFailure"":""None detected""}}","","","False"
"inv_inventory_Transfer_Part","Inventory","SIMPLE_UPDATE","IMPLICIT (Single DML)","High","Transfer","0","","1","inv_inventory(1)","0","","1","Yes","Yes","[SIMPLE_UPDATE] | [1 UPDATE: inv_inventory(1)] | [Has explicit transaction handling] | [Has validation]","{""ProcedureName"":""inv_inventory_Transfer_Part"",""TotalOperations"":1,""Operations"":[{""Index"":1,""Type"":""UPDATE"",""Table"":""inv_inventory"",""SetClauses"":[""Location = p_NewLocation"",""LastUpdated = CURRENT_TIMESTAMP""],""WhereConditions"":[""BatchNumber = p_BatchNumber"",""PartID = p_PartID"",""Operation = p_Operation""],""HasWhere"":true,""RawSQL"":""UPDATE inv_inventory\n            SET Location = p_NewLocation,\n                LastUpdated = CURRENT_TIMESTAMP\n            WHERE BatchNumber = p_BatchNumber\n              AND PartID = p_PartID\n              AND Operation = p_Operation""}]}","{""Status"":""Called from UI"",""EventHandler"":""Control_TransferTab.cs.Control_TransferTab_DataGridView_Main_SelectionChanged"",""MethodChain"":[],""DAO"":{""Method"":""TransferPartSimpleAsync"",""File"":""Dao_Inventory.cs""},""StoredProcedure"":""inv_inventory_Transfer_Part"",""Tables"":""inv_inventory"",""ReturnType"":""Task<DaoResult>"",""UIElementUpdated"":{""OnSuccess"":""None detected"",""OnFailure"":""None detected""}}","","","False"
"inv_inventory_Transfer_Quantity","Inventory","SEQUENTIAL","EXPLICIT (Already implemented)","High","Transfer","1","inv_inventory(1)","1","inv_inventory(1)","0","","2","Yes","Yes","[SEQUENTIAL] | [1 INSERT: inv_inventory(1)] + [1 UPDATE: inv_inventory(1)] | [Has explicit transaction handling] | [Has validation]","{""ProcedureName"":""inv_inventory_Transfer_Quantity"",""TotalOperations"":2,""Operations"":[{""Index"":1,""Type"":""INSERT"",""Table"":""inv_inventory"",""Columns"":[""BatchNumber"",""PartID"",""Operation"",""Quantity"",""Location"",""User""],""Values"":[""p_BatchNumber"",""p_PartID"",""p_Operation"",""p_TransferQuantity"",""p_NewLocation"",""p_User""],""ColumnValuePairs"":[""BatchNumber = p_BatchNumber"",""PartID = p_PartID"",""Operation = p_Operation"",""Quantity = p_TransferQuantity"",""Location = p_NewLocation"",""User = p_User""],""RawSQL"":""INSERT INTO inv_inventory (BatchNumber, PartID, Operation, Quantity, Location, User)\n            VALUES (p_BatchNumber, p_PartID, p_Operation, p_TransferQuantity, p_NewLocation, p_User)""},{""Index"":2,""Type"":""UPDATE"",""Table"":""inv_inventory"",""SetClauses"":[""Quantity = Quantity - p_TransferQuantity"",""User = p_User""],""WhereConditions"":[""BatchNumber = p_BatchNumber"",""PartID = p_PartID"",""Operation = p_Operation"",""Quantity = p_OriginalQuantity""],""HasWhere"":true,""RawSQL"":""UPDATE inv_inventory\n        SET Quantity = Quantity - p_TransferQuantity,\n            User = p_User\n        WHERE BatchNumber = p_BatchNumber\n          AND PartID = p_PartID\n          AND Operation = p_Operation\n          AND Quantity = p_OriginalQuantity""}]}","{""Status"":""Called from UI"",""EventHandler"":""Control_TransferTab.cs.Control_TransferTab_DataGridView_Main_SelectionChanged"",""MethodChain"":[],""DAO"":{""Method"":""TransferInventoryQuantityAsync"",""File"":""Dao_Inventory.cs""},""StoredProcedure"":""inv_inventory_Transfer_Quantity"",""Tables"":""inv_inventory"",""ReturnType"":""Task<DaoResult>"",""UIElementUpdated"":{""OnSuccess"":""None detected"",""OnFailure"":""None detected""}}","","","False"
"inv_transaction_Add","Transactions","SIMPLE_INSERT","IMPLICIT (Single DML)","High","Complex","1","inv_transaction(1)","0","","0","","1","Yes","Yes","[SIMPLE_INSERT] | [1 INSERT: inv_transaction(1)] | [Has explicit transaction handling] | [Has validation]","{""ProcedureName"":""inv_transaction_Add"",""TotalOperations"":1,""Operations"":[{""Index"":1,""Type"":""INSERT"",""Table"":""inv_transaction"",""Columns"":[""TransactionType"",""PartID"",""BatchNumber"",""FromLocation"",""ToLocation"",""Operation"",""Quantity"",""Notes"",""User"",""ItemType"",""ReceiveDate""],""Values"":[""p_TransactionType"",""p_PartID"",""p_BatchNumber"",""p_FromLocation"",""p_ToLocation"",""p_Operation"",""p_Quantity"",""p_Notes"",""p_User"",""p_ItemType"",""p_ReceiveDate""],""ColumnValuePairs"":[""TransactionType = p_TransactionType"",""PartID = p_PartID"",""BatchNumber = p_BatchNumber"",""FromLocation = p_FromLocation"",""ToLocation = p_ToLocation"",""Operation = p_Operation"",""Quantity = p_Quantity"",""Notes = p_Notes"",""User = p_User"",""ItemType = p_ItemType"",""ReceiveDate = p_ReceiveDate""],""RawSQL"":""INSERT INTO inv_transaction (\n            TransactionType, PartID, `BatchNumber`, FromLocation, ToLocation,\n            Operation, Quantity, Notes, User, ItemType, ReceiveDate\n        ) VALUES (\n            p_TransactionType, p_PartID, p_BatchNumber, p_FromLocation, p_ToLocation,\n            p_Operation, p_Quantity, p_Notes, p_User, p_ItemType, p_ReceiveDate\n        )""}]}","{""Status"":""Called from UI"",""EventHandler"":""MainForm.cs.MainForm_MenuStrip_View_PersonalHistory_Click"",""MethodChain"":[""new""],""DAO"":{""Method"":""AddTransactionHistoryAsync"",""File"":""Dao_History.cs""},""StoredProcedure"":""inv_transaction_Add"",""Tables"":""inv_transaction"",""ReturnType"":""Task<DaoResult>"",""UIElementUpdated"":{""OnSuccess"":""None detected"",""OnFailure"":""None detected""}}","","","False"
"inv_transactions_GetAnalytics","Transactions","QUERY","NONE (Read-only)","High","Complex","0","","0","","0","","0","Yes","Yes","[READ-ONLY] | [Has explicit transaction handling] | [Has validation]","{""ProcedureName"":""inv_transactions_GetAnalytics"",""TotalOperations"":0,""Operations"":[]}","{""Status"":""Called from UI"",""EventHandler"":""Transactions.cs.Transactions_Button_SidePanel_Click"",""MethodChain"":[],""DAO"":{""Method"":""SmartSearchAsync"",""File"":""Dao_Transactions.cs""},""StoredProcedure"":""inv_transactions_GetAnalytics"",""Tables"":""inv_transaction"",""ReturnType"":""Task<DaoResult<List<Model_Transactions>>>"",""UIElementUpdated"":{""OnSuccess"":""None detected"",""OnFailure"":""None detected""}}","","","False"
"inv_transactions_SmartSearch","Transactions","QUERY","NONE (Read-only)","High","Complex","0","","0","","0","","0","Yes","Yes","[READ-ONLY] | [Has explicit transaction handling] | [Has validation]","{""ProcedureName"":""inv_transactions_SmartSearch"",""TotalOperations"":0,""Operations"":[]}","{""Status"":""Called from UI"",""EventHandler"":""Transactions.cs.Transactions_Button_SidePanel_Click"",""MethodChain"":[],""DAO"":{""Method"":""SmartSearchAsync"",""File"":""Dao_Transactions.cs""},""StoredProcedure"":""inv_transactions_SmartSearch"",""Tables"":""inv_transaction"",""ReturnType"":""Task<DaoResult<List<Model_Transactions>>>"",""UIElementUpdated"":{""OnSuccess"":""None detected"",""OnFailure"":""None detected""}}","","","False"
"log_changelog_Get_Current","Logging","QUERY","NONE (Read-only)","High","Read","0","","0","","0","","0","Yes","Yes","[READ-ONLY] | [Has explicit transaction handling] | [Has validation]","{""ProcedureName"":""log_changelog_Get_Current"",""TotalOperations"":0,""Operations"":[]}","{""Status"":""Called from UI"",""EventHandler"":""Transactions.cs.OnSmartSearchTextChanged"",""MethodChain"":[""Stop""],""DAO"":{""Method"":""VersionChecker"",""File"":""Service_Timer_VersionChecker.cs""},""StoredProcedure"":""log_changelog_Get_Current"",""Tables"":""log_changelog"",""ReturnType"":""void"",""UIElementUpdated"":{""OnSuccess"":""None detected"",""OnFailure"":""SetVersionLabel""}}","","","False"
"log_error_Add_Error","Logging","SIMPLE_INSERT","IMPLICIT (Single DML)","High","Create","1","log_error(1)","0","","0","","1","Yes","Yes","[SIMPLE_INSERT] | [1 INSERT: log_error(1)] | [Has explicit transaction handling] | [Has validation]","{""ProcedureName"":""log_error_Add_Error"",""TotalOperations"":1,""Operations"":[{""Index"":1,""Type"":""INSERT"",""Table"":""log_error"",""Columns"":[""User"",""Severity"",""ErrorType"",""ErrorMessage"",""StackTrace"",""ModuleName"",""MethodName"",""AdditionalInfo"",""MachineName"",""OSVersion"",""AppVersion"",""ErrorTime""],""Values"":[""p_User"",""p_Severity"",""p_ErrorType"",""p_ErrorMessage"",""p_StackTrace"",""p_ModuleName"",""p_MethodName"",""p_AdditionalInfo"",""p_MachineName"",""p_OSVersion"",""p_AppVersion"",""p_ErrorTime""],""ColumnValuePairs"":[""User = p_User"",""Severity = p_Severity"",""ErrorType = p_ErrorType"",""ErrorMessage = p_ErrorMessage"",""StackTrace = p_StackTrace"",""ModuleName = p_ModuleName"",""MethodName = p_MethodName"",""AdditionalInfo = p_AdditionalInfo"",""MachineName = p_MachineName"",""OSVersion = p_OSVersion"",""AppVersion = p_AppVersion"",""ErrorTime = p_ErrorTime""],""RawSQL"":""INSERT INTO `log_error` (\n            `User`, `Severity`, `ErrorType`, `ErrorMessage`, `StackTrace`,\n            `ModuleName`, `MethodName`, `AdditionalInfo`, `MachineName`,\n            `OSVersion`, `AppVersion`, `ErrorTime`\n        ) VALUES (\n            p_User, p_Severity, p_ErrorType, p_ErrorMessage, p_StackTrace,\n            p_ModuleName, p_MethodName, p_AdditionalInfo, p_MachineName,\n            p_OSVersion, p_AppVersion, p_ErrorTime\n        )""}]}","{""Status"":""Called from DAO (no UI event handler traced)"",""DAO"":{""Method"":""LogErrorToDatabaseAsync"",""File"":""Dao_ErrorLog.cs""},""StoredProcedure"":""log_error_Add_Error"",""Tables"":""log_error"",""ReturnType"":""Task""}","","","False"
"log_error_Delete_All","Logging","SIMPLE_DELETE","IMPLICIT (Single DML)","High","Delete","0","","0","","1","log_error(1)","1","Yes","Yes","[SIMPLE_DELETE] | [1 DELETE: log_error(1)] | [Has explicit transaction handling] | [Has validation]","{""ProcedureName"":""log_error_Delete_All"",""TotalOperations"":1,""Operations"":[{""Index"":1,""Type"":""DELETE"",""Table"":""log_error"",""WhereConditions"":null,""HasWhere"":false,""Warning"":""DELETE without WHERE - affects all rows!"",""RawSQL"":""DELETE FROM `log_error`""}]}","{""Status"":""Called from DAO (no UI event handler traced)"",""DAO"":{""Method"":""Unknown"",""File"":""Dao_ErrorLog.cs""},""StoredProcedure"":""log_error_Delete_All"",""Tables"":""log_error"",""ReturnType"":""Unknown""}","","","False"
"log_error_Delete_ById","Logging","SIMPLE_DELETE","IMPLICIT (Single DML)","High","Delete","0","","0","","1","log_error(1)","1","Yes","Yes","[SIMPLE_DELETE] | [1 DELETE: log_error(1)] | [Has explicit transaction handling] | [Has validation]","{""ProcedureName"":""log_error_Delete_ById"",""TotalOperations"":1,""Operations"":[{""Index"":1,""Type"":""DELETE"",""Table"":""log_error"",""WhereConditions"":""`ID` = p_Id"",""HasWhere"":true,""Warning"":"""",""RawSQL"":""DELETE FROM `log_error` WHERE `ID` = p_Id""}]}","{""Status"":""Called from DAO (no UI event handler traced)"",""DAO"":{""Method"":""Unknown"",""File"":""Dao_ErrorLog.cs""},""StoredProcedure"":""log_error_Delete_ById"",""Tables"":""log_error"",""ReturnType"":""Unknown""}","","","False"
"log_error_Get_All","Logging","QUERY","NONE (Read-only)","High","Read","0","","0","","0","","0","Yes","Yes","[READ-ONLY] | [Has explicit transaction handling] | [Has validation]","{""ProcedureName"":""log_error_Get_All"",""TotalOperations"":0,""Operations"":[]}","{""Status"":""Called from DAO (no UI event handler traced)"",""DAO"":{""Method"":""Unknown"",""File"":""Dao_ErrorLog.cs""},""StoredProcedure"":""log_error_Get_All"",""Tables"":""log_error"",""ReturnType"":""Unknown""}","","","False"
"log_error_Get_ByDateRange","Logging","QUERY","NONE (Read-only)","High","Read","0","","0","","0","","0","Yes","Yes","[READ-ONLY] | [Has explicit transaction handling] | [Has validation]","{""ProcedureName"":""log_error_Get_ByDateRange"",""TotalOperations"":0,""Operations"":[]}","{""Status"":""Called from DAO (no UI event handler traced)"",""DAO"":{""Method"":""Unknown"",""File"":""Dao_ErrorLog.cs""},""StoredProcedure"":""log_error_Get_ByDateRange"",""Tables"":""log_error"",""ReturnType"":""Unknown""}","","","False"
"log_error_Get_ByUser","Logging","QUERY","NONE (Read-only)","High","Read","0","","0","","0","","0","Yes","Yes","[READ-ONLY] | [Has explicit transaction handling] | [Has validation]","{""ProcedureName"":""log_error_Get_ByUser"",""TotalOperations"":0,""Operations"":[]}","{""Status"":""Called from DAO (no UI event handler traced)"",""DAO"":{""Method"":""Unknown"",""File"":""Dao_ErrorLog.cs""},""StoredProcedure"":""log_error_Get_ByUser"",""Tables"":""log_error"",""ReturnType"":""Unknown""}","","","False"
"log_error_Get_Unique","Logging","QUERY","NONE (Read-only)","High","Read","0","","0","","0","","0","Yes","Yes","[READ-ONLY] | [Has explicit transaction handling] | [Has validation]","{""ProcedureName"":""log_error_Get_Unique"",""TotalOperations"":0,""Operations"":[]}","{""Status"":""Called from DAO (no UI event handler traced)"",""DAO"":{""Method"":""Unknown"",""File"":""Dao_ErrorLog.cs""},""StoredProcedure"":""log_error_Get_Unique"",""Tables"":""log_error"",""ReturnType"":""Unknown""}","","","False"
"md_item_types_Add_ItemType","Master Data","SIMPLE_INSERT","IMPLICIT (Single DML)","High","Create","1","md_item_types(1)","0","","0","","1","Yes","Yes","[SIMPLE_INSERT] | [1 INSERT: md_item_types(1)] | [Has explicit transaction handling] | [Has validation]","{""ProcedureName"":""md_item_types_Add_ItemType"",""TotalOperations"":1,""Operations"":[{""Index"":1,""Type"":""INSERT"",""Table"":""md_item_types"",""Columns"":[""ItemType"",""IssuedBy""],""Values"":[""p_ItemType"",""p_IssuedBy""],""ColumnValuePairs"":[""ItemType = p_ItemType"",""IssuedBy = p_IssuedBy""],""RawSQL"":""INSERT INTO `md_item_types` (`ItemType`, `IssuedBy`)\n        VALUES (p_ItemType, p_IssuedBy)""}]}","{""Status"":""Called from UI"",""EventHandler"":""Control_Edit_Location.cs.LocationsComboBox_SelectedIndexChanged"",""MethodChain"":[""ClearForm""],""DAO"":{""Method"":""InsertItemType"",""File"":""Dao_ItemType.cs""},""StoredProcedure"":""md_item_types_Add_ItemType"",""Tables"":""md_item_types"",""ReturnType"":""Task<DaoResult>"",""UIElementUpdated"":{""OnSuccess"":""Show"",""OnFailure"":""None detected""}}","","","False"
"md_item_types_Delete_ByID","Master Data","SIMPLE_DELETE","IMPLICIT (Single DML)","High","Delete","0","","0","","1","md_item_types(1)","1","Yes","Yes","[SIMPLE_DELETE] | [1 DELETE: md_item_types(1)] | [Has explicit transaction handling] | [Has validation]","{""ProcedureName"":""md_item_types_Delete_ByID"",""TotalOperations"":1,""Operations"":[{""Index"":1,""Type"":""DELETE"",""Table"":""md_item_types"",""WhereConditions"":""`ID` = p_ID"",""HasWhere"":true,""Warning"":"""",""RawSQL"":""DELETE FROM `md_item_types`\n        WHERE `ID` = p_ID""}]}","{""Status"":""Not called from C# code"",""StoredProcedure"":""md_item_types_Delete_ByID"",""Tables"":""md_item_types"",""Note"":""May be legacy, unused, called from other stored procedures, or background services""}","","","False"
"md_item_types_Delete_ByType","Master Data","SIMPLE_DELETE","IMPLICIT (Single DML)","High","Delete","0","","0","","1","md_item_types(1)","1","Yes","Yes","[SIMPLE_DELETE] | [1 DELETE: md_item_types(1)] | [Has explicit transaction handling] | [Has validation]","{""ProcedureName"":""md_item_types_Delete_ByType"",""TotalOperations"":1,""Operations"":[{""Index"":1,""Type"":""DELETE"",""Table"":""md_item_types"",""WhereConditions"":""`ItemType` = p_ItemType"",""HasWhere"":true,""Warning"":"""",""RawSQL"":""DELETE FROM `md_item_types`\n        WHERE `ItemType` = p_ItemType""}]}","{""Status"":""Called from UI"",""EventHandler"":""Control_Remove_ItemType.cs.RemoveButton_Click"",""MethodChain"":[],""DAO"":{""Method"":""DeleteItemType"",""File"":""Dao_ItemType.cs""},""StoredProcedure"":""md_item_types_Delete_ByType"",""Tables"":""md_item_types"",""ReturnType"":""Task<DaoResult>"",""UIElementUpdated"":{""OnSuccess"":""Show"",""OnFailure"":""None detected""}}","","","False"
"md_item_types_Get_All","Master Data","QUERY","NONE (Read-only)","High","Read","0","","0","","0","","0","Yes","Yes","[READ-ONLY] | [Has explicit transaction handling] | [Has validation]","{""ProcedureName"":""md_item_types_Get_All"",""TotalOperations"":0,""Operations"":[]}","[{""Status"":""Called from DAO (no UI event handler traced)"",""DAO"":{""Method"":""GetAllItemTypes"",""File"":""Dao_ItemType.cs""},""StoredProcedure"":""md_item_types_Get_All"",""Tables"":""md_item_types"",""ReturnType"":""Task<DaoResult<DataTable>>""},{""Status"":""Called from DAO (no UI event handler traced)"",""DAO"":{""Method"":""SetupItemTypeDataTable"",""File"":""Helper_UI_ComboBoxes.cs""},""StoredProcedure"":""md_item_types_Get_All"",""Tables"":""md_item_types"",""ReturnType"":""Unknown""}]","","","False"
"md_item_types_Update_ItemType","Master Data","SIMPLE_UPDATE","IMPLICIT (Single DML)","High","Update","0","","1","md_item_types(1)","0","","1","Yes","Yes","[SIMPLE_UPDATE] | [1 UPDATE: md_item_types(1)] | [Has explicit transaction handling] | [Has validation]","{""ProcedureName"":""md_item_types_Update_ItemType"",""TotalOperations"":1,""Operations"":[{""Index"":1,""Type"":""UPDATE"",""Table"":""md_item_types"",""SetClauses"":[""`ItemType` = p_ItemType"",""`IssuedBy` = p_IssuedBy""],""WhereConditions"":""`ID` = p_ID"",""HasWhere"":true,""RawSQL"":""UPDATE `md_item_types`\n        SET `ItemType` = p_ItemType,\n            `IssuedBy` = p_IssuedBy\n        WHERE `ID` = p_ID""}]}","{""Status"":""Called from UI"",""EventHandler"":""Control_Edit_PartID.cs.Control_Edit_PartID_ComboBox_Part_SelectedIndexChanged"",""MethodChain"":[""SetFormEnabled""],""DAO"":{""Method"":""UpdateItemType"",""File"":""Dao_ItemType.cs""},""StoredProcedure"":""md_item_types_Update_ItemType"",""Tables"":""md_item_types"",""ReturnType"":""Task<DaoResult>"",""UIElementUpdated"":{""OnSuccess"":""Show"",""OnFailure"":""None detected""}}","","","False"
"md_locations_Add_Location","Master Data","SIMPLE_INSERT","IMPLICIT (Single DML)","High","Create","1","md_locations(1)","0","","0","","1","Yes","Yes","[SIMPLE_INSERT] | [1 INSERT: md_locations(1)] | [Has explicit transaction handling] | [Has validation]","{""ProcedureName"":""md_locations_Add_Location"",""TotalOperations"":1,""Operations"":[{""Index"":1,""Type"":""INSERT"",""Table"":""md_locations"",""Columns"":[""Location"",""Building"",""IssuedBy""],""Values"":[""p_Location"",""p_Building"",""p_IssuedBy""],""ColumnValuePairs"":[""Location = p_Location"",""Building = p_Building"",""IssuedBy = p_IssuedBy""],""RawSQL"":""INSERT INTO `md_locations` (`Location`, `Building`, `IssuedBy`)\n        VALUES (p_Location, p_Building, p_IssuedBy)""}]}","{""Status"":""Called from UI"",""EventHandler"":""Control_Add_Location.cs.Control_Add_Location_Button_Clear_Click"",""MethodChain"":[],""DAO"":{""Method"":""InsertLocation"",""File"":""Dao_Location.cs""},""StoredProcedure"":""md_locations_Add_Location"",""Tables"":""md_locations"",""ReturnType"":""Task<DaoResult>"",""UIElementUpdated"":{""OnSuccess"":""Show"",""OnFailure"":""None detected""}}","","","False"
"md_locations_Delete_ByLocation","Master Data","SIMPLE_DELETE","IMPLICIT (Single DML)","High","Delete","0","","0","","1","md_locations(1)","1","Yes","Yes","[SIMPLE_DELETE] | [1 DELETE: md_locations(1)] | [Has explicit transaction handling] | [Has validation]","{""ProcedureName"":""md_locations_Delete_ByLocation"",""TotalOperations"":1,""Operations"":[{""Index"":1,""Type"":""DELETE"",""Table"":""md_locations"",""WhereConditions"":""`Location` = p_Location"",""HasWhere"":true,""Warning"":"""",""RawSQL"":""DELETE FROM `md_locations`\n        WHERE `Location` = p_Location""}]}","{""Status"":""Called from DAO (no UI event handler traced)"",""DAO"":{""Method"":""DeleteLocation"",""File"":""Dao_Location.cs""},""StoredProcedure"":""md_locations_Delete_ByLocation"",""Tables"":""md_locations"",""ReturnType"":""Task<DaoResult>""}","","","False"
"md_locations_Get_All","Master Data","QUERY","NONE (Read-only)","High","Read","0","","0","","0","","0","Yes","Yes","[READ-ONLY] | [Has explicit transaction handling] | [Has validation]","{""ProcedureName"":""md_locations_Get_All"",""TotalOperations"":0,""Operations"":[]}","[{""Status"":""Called from DAO (no UI event handler traced)"",""DAO"":{""Method"":""GetAllLocations"",""File"":""Dao_Location.cs""},""StoredProcedure"":""md_locations_Get_All"",""Tables"":""md_locations"",""ReturnType"":""Task<DaoResult<DataTable>>""},{""Status"":""Called from DAO (no UI event handler traced)"",""DAO"":{""Method"":""SetupLocationDataTable"",""File"":""Helper_UI_ComboBoxes.cs""},""StoredProcedure"":""md_locations_Get_All"",""Tables"":""md_locations"",""ReturnType"":""Unknown""}]","","","False"
"md_locations_Update_Location","Master Data","SIMPLE_UPDATE","IMPLICIT (Single DML)","High","Update","0","","1","md_locations(1)","0","","1","Yes","Yes","[SIMPLE_UPDATE] | [1 UPDATE: md_locations(1)] | [Has explicit transaction handling] | [Has validation]","{""ProcedureName"":""md_locations_Update_Location"",""TotalOperations"":1,""Operations"":[{""Index"":1,""Type"":""UPDATE"",""Table"":""md_locations"",""SetClauses"":[""`Location` = p_Location"",""`Building` = p_Building"",""`IssuedBy` = p_IssuedBy""],""WhereConditions"":""`Location` = p_OldLocation"",""HasWhere"":true,""RawSQL"":""UPDATE `md_locations`\n        SET `Location` = p_Location,\n            `Building` = p_Building,\n            `IssuedBy` = p_IssuedBy\n        WHERE `Location` = p_OldLocation""}]}","{""Status"":""Called from UI"",""EventHandler"":""Control_Edit_Location.cs.LocationsComboBox_SelectedIndexChanged"",""MethodChain"":[],""DAO"":{""Method"":""UpdateLocation"",""File"":""Dao_Location.cs""},""StoredProcedure"":""md_locations_Update_Location"",""Tables"":""md_locations"",""ReturnType"":""Task<DaoResult>"",""UIElementUpdated"":{""OnSuccess"":""Show"",""OnFailure"":""None detected""}}","","","False"
"md_operation_numbers_Add_Operation","Master Data","SIMPLE_INSERT","IMPLICIT (Single DML)","High","Create","1","md_operation_numbers(1)","0","","0","","1","Yes","Yes","[SIMPLE_INSERT] | [1 INSERT: md_operation_numbers(1)] | [Has explicit transaction handling] | [Has validation]","{""ProcedureName"":""md_operation_numbers_Add_Operation"",""TotalOperations"":1,""Operations"":[{""Index"":1,""Type"":""INSERT"",""Table"":""md_operation_numbers"",""Columns"":[""Operation"",""IssuedBy""],""Values"":[""p_Operation"",""p_IssuedBy""],""ColumnValuePairs"":[""Operation = p_Operation"",""IssuedBy = p_IssuedBy""],""RawSQL"":""INSERT INTO `md_operation_numbers` (`Operation`, `IssuedBy`)\n        VALUES (p_Operation, p_IssuedBy)""}]}","[{""Status"":""Called from UI"",""EventHandler"":""Control_Add_Operation.cs.Control_Add_Operation_Button_Save_Click"",""MethodChain"":[],""DAO"":{""Method"":""Control_Add_Operation_Button_Save_Click"",""File"":""Control_Add_Operation.cs""},""StoredProcedure"":""md_operation_numbers_Add_Operation"",""Tables"":""md_operation_numbers"",""ReturnType"":""void"",""UIElementUpdated"":{""OnSuccess"":""ShowError"",""OnFailure"":""None detected""}},{""Status"":""Called from DAO (no UI event handler traced)"",""DAO"":{""Method"":""InsertOperation"",""File"":""Dao_Operation.cs""},""StoredProcedure"":""md_operation_numbers_Add_Operation"",""Tables"":""md_operation_numbers"",""ReturnType"":""Task<DaoResult>""}]","","","False"
"md_operation_numbers_Delete_ByOperation","Master Data","SIMPLE_DELETE","IMPLICIT (Single DML)","High","Delete","0","","0","","1","md_operation_numbers(1)","1","Yes","Yes","[SIMPLE_DELETE] | [1 DELETE: md_operation_numbers(1)] | [Has explicit transaction handling] | [Has validation]","{""ProcedureName"":""md_operation_numbers_Delete_ByOperation"",""TotalOperations"":1,""Operations"":[{""Index"":1,""Type"":""DELETE"",""Table"":""md_operation_numbers"",""WhereConditions"":""`Operation` = p_Operation"",""HasWhere"":true,""Warning"":"""",""RawSQL"":""DELETE FROM `md_operation_numbers`\n        WHERE `Operation` = p_Operation""}]}","{""Status"":""Called from DAO (no UI event handler traced)"",""DAO"":{""Method"":""DeleteOperation"",""File"":""Dao_Operation.cs""},""StoredProcedure"":""md_operation_numbers_Delete_ByOperation"",""Tables"":""md_operation_numbers"",""ReturnType"":""Task<DaoResult>""}","","","False"
"md_operation_numbers_Get_All","Master Data","QUERY","NONE (Read-only)","High","Read","0","","0","","0","","0","Yes","Yes","[READ-ONLY] | [Has explicit transaction handling] | [Has validation]","{""ProcedureName"":""md_operation_numbers_Get_All"",""TotalOperations"":0,""Operations"":[]}","[{""Status"":""Called from DAO (no UI event handler traced)"",""DAO"":{""Method"":""GetAllOperations"",""File"":""Dao_Operation.cs""},""StoredProcedure"":""md_operation_numbers_Get_All"",""Tables"":""md_operation_numbers"",""ReturnType"":""Task<DaoResult<DataTable>>""},{""Status"":""Called from DAO (no UI event handler traced)"",""DAO"":{""Method"":""SetupOperationDataTable"",""File"":""Helper_UI_ComboBoxes.cs""},""StoredProcedure"":""md_operation_numbers_Get_All"",""Tables"":""md_operation_numbers"",""ReturnType"":""Unknown""}]","","","False"
"md_operation_numbers_Update_Operation","Master Data","SIMPLE_UPDATE","IMPLICIT (Single DML)","High","Update","0","","1","md_operation_numbers(1)","0","","1","Yes","Yes","[SIMPLE_UPDATE] | [1 UPDATE: md_operation_numbers(1)] | [Has explicit transaction handling] | [Has validation]","{""ProcedureName"":""md_operation_numbers_Update_Operation"",""TotalOperations"":1,""Operations"":[{""Index"":1,""Type"":""UPDATE"",""Table"":""md_operation_numbers"",""SetClauses"":[""`Operation` = p_NewOperation"",""`IssuedBy` = p_IssuedBy""],""WhereConditions"":""`Operation` = p_Operation"",""HasWhere"":true,""RawSQL"":""UPDATE `md_operation_numbers`\n        SET `Operation` = p_NewOperation,\n            `IssuedBy` = p_IssuedBy\n        WHERE `Operation` = p_Operation""}]}","{""Status"":""Called from UI"",""EventHandler"":""Control_Edit_Operation.cs.OperationsComboBox_SelectedIndexChanged"",""MethodChain"":[],""DAO"":{""Method"":""UpdateOperation"",""File"":""Dao_Operation.cs""},""StoredProcedure"":""md_operation_numbers_Update_Operation"",""Tables"":""md_operation_numbers"",""ReturnType"":""Task<DaoResult>"",""UIElementUpdated"":{""OnSuccess"":""Show"",""OnFailure"":""None detected""}}","","","False"
"md_part_ids_Add_Part","Master Data","SIMPLE_INSERT","IMPLICIT (Single DML)","High","Create","1","md_part_ids(1)","0","","0","","1","Yes","Yes","[SIMPLE_INSERT] | [1 INSERT: md_part_ids(1)] | [Has explicit transaction handling] | [Has validation]","{""ProcedureName"":""md_part_ids_Add_Part"",""TotalOperations"":1,""Operations"":[{""Index"":1,""Type"":""INSERT"",""Table"":""md_part_ids"",""Columns"":[""PartID"",""Customer"",""Description"",""IssuedBy"",""ItemType""],""Values"":[""p_ItemNumber"",""p_Customer"",""p_Description"",""p_IssuedBy"",""p_ItemType""],""ColumnValuePairs"":[""PartID = p_ItemNumber"",""Customer = p_Customer"",""Description = p_Description"",""IssuedBy = p_IssuedBy"",""ItemType = p_ItemType""],""RawSQL"":""INSERT INTO `md_part_ids` (`PartID`, `Customer`, `Description`, `IssuedBy`, `ItemType`)\n        VALUES (p_ItemNumber, p_Customer, p_Description, p_IssuedBy, p_ItemType)""}]}","{""Status"":""Called from UI"",""EventHandler"":""Control_Add_PartID.cs.SaveButton_Click"",""MethodChain"":[],""DAO"":{""Method"":""CreatePartAsync"",""File"":""Dao_Part.cs""},""StoredProcedure"":""md_part_ids_Add_Part"",""Tables"":""md_part_ids"",""ReturnType"":""Task<DaoResult>"",""UIElementUpdated"":{""OnSuccess"":""None detected"",""OnFailure"":""None detected""}}","","","False"
"md_part_ids_Delete_ByItemNumber","Master Data","SIMPLE_DELETE","IMPLICIT (Single DML)","High","Delete","0","","0","","1","md_part_ids(1)","1","Yes","Yes","[SIMPLE_DELETE] | [1 DELETE: md_part_ids(1)] | [Has explicit transaction handling] | [Has validation]","{""ProcedureName"":""md_part_ids_Delete_ByItemNumber"",""TotalOperations"":1,""Operations"":[{""Index"":1,""Type"":""DELETE"",""Table"":""md_part_ids"",""WhereConditions"":""`PartID` = p_ItemNumber"",""HasWhere"":true,""Warning"":"""",""RawSQL"":""DELETE FROM `md_part_ids`\n        WHERE `PartID` = p_ItemNumber""}]}","{""Status"":""Called from UI"",""EventHandler"":""Control_Remove_PartID.cs.PartsComboBox_SelectedIndexChanged"",""MethodChain"":[],""DAO"":{""Method"":""DeletePartAsync"",""File"":""Dao_Part.cs""},""StoredProcedure"":""md_part_ids_Delete_ByItemNumber"",""Tables"":""md_part_ids"",""ReturnType"":""Task<DaoResult>"",""UIElementUpdated"":{""OnSuccess"":""Show"",""OnFailure"":""None detected""}}","","","False"
"md_part_ids_Get_All","Master Data","QUERY","NONE (Read-only)","High","Read","0","","0","","0","","0","Yes","Yes","[READ-ONLY] | [Has explicit transaction handling] | [Has validation]","{""ProcedureName"":""md_part_ids_Get_All"",""TotalOperations"":0,""Operations"":[]}","[{""Status"":""Called from DAO (no UI event handler traced)"",""DAO"":{""Method"":""GetAllPartsAsync"",""File"":""Dao_Part.cs""},""StoredProcedure"":""md_part_ids_Get_All"",""Tables"":""md_part_ids"",""ReturnType"":""Task<DaoResult<DataTable>>""},{""Status"":""Called from DAO (no UI event handler traced)"",""DAO"":{""Method"":""SetupPartDataTable"",""File"":""Helper_UI_ComboBoxes.cs""},""StoredProcedure"":""md_part_ids_Get_All"",""Tables"":""md_part_ids"",""ReturnType"":""Unknown""}]","","","False"
"md_part_ids_Get_ByItemNumber","Master Data","QUERY","NONE (Read-only)","High","Read","0","","0","","0","","0","Yes","Yes","[READ-ONLY] | [Has explicit transaction handling] | [Has validation]","{""ProcedureName"":""md_part_ids_Get_ByItemNumber"",""TotalOperations"":0,""Operations"":[]}","{""Status"":""Called from UI"",""EventHandler"":""Control_Edit_PartID.cs.Control_Edit_PartID_ComboBox_Part_SelectedIndexChanged"",""MethodChain"":[],""DAO"":{""Method"":""GetPartByNumberAsync"",""File"":""Dao_Part.cs""},""StoredProcedure"":""md_part_ids_Get_ByItemNumber"",""Tables"":""md_part_ids"",""ReturnType"":""Task<DaoResult<DataRow>>"",""UIElementUpdated"":{""OnSuccess"":""None detected"",""OnFailure"":""ClearForm""}}","","","False"
"md_part_ids_Update_Part","Master Data","SIMPLE_UPDATE","IMPLICIT (Single DML)","High","Update","0","","1","md_part_ids(1)","0","","1","Yes","Yes","[SIMPLE_UPDATE] | [1 UPDATE: md_part_ids(1)] | [Has explicit transaction handling] | [Has validation]","{""ProcedureName"":""md_part_ids_Update_Part"",""TotalOperations"":1,""Operations"":[{""Index"":1,""Type"":""UPDATE"",""Table"":""md_part_ids"",""SetClauses"":[""`PartID` = p_ItemNumber"",""`Customer` = p_Customer"",""`Description` = p_Description"",""`IssuedBy` = p_IssuedBy"",""`ItemType` = p_ItemType""],""WhereConditions"":""`ID` = p_ID"",""HasWhere"":true,""RawSQL"":""UPDATE `md_part_ids`\n        SET `PartID` = p_ItemNumber,\n            `Customer` = p_Customer,\n            `Description` = p_Description,\n            `IssuedBy` = p_IssuedBy,\n            `ItemType` = p_ItemType\n        WHERE `ID` = p_ID""}]}","{""Status"":""Called from UI"",""EventHandler"":""Control_Edit_PartID.cs.Control_Edit_PartID_ComboBox_Part_SelectedIndexChanged"",""MethodChain"":[],""DAO"":{""Method"":""UpdatePartAsync"",""File"":""Dao_Part.cs""},""StoredProcedure"":""md_part_ids_Update_Part"",""Tables"":""md_part_ids"",""ReturnType"":""Task<DaoResult>"",""UIElementUpdated"":{""OnSuccess"":""None detected"",""OnFailure"":""ClearForm""}}","","","False"
"sys_GetUserAccessType","System","QUERY","NONE (Read-only)","High","Complex","0","","0","","0","","0","Yes","Yes","[READ-ONLY] | [Has explicit transaction handling] | [Has validation]","{""ProcedureName"":""sys_GetUserAccessType"",""TotalOperations"":0,""Operations"":[]}","{""Status"":""Called from UI"",""EventHandler"":""Control_RemoveTab.cs.Control_RemoveTab_Button_ShowAll_Click"",""MethodChain"":[""Exception""],""DAO"":{""Method"":""System_UserAccessTypeAsync"",""File"":""Dao_System.cs""},""StoredProcedure"":""sys_GetUserAccessType"",""Tables"":[""information_schema"",""usr_users""],""ReturnType"":""Task<DaoResult<List<Model_Users>>>"",""UIElementUpdated"":{""OnSuccess"":""None detected"",""OnFailure"":""None detected""}}","","","False"
"sys_last_10_transactions_AddQuickButton_1","System","SEQUENTIAL","EXPLICIT (Already implemented)","High","Complex","1","sys_last_10_transactions(1)","1","sys_last_10_transactions(1)","0","","2","Yes","Yes","[SEQUENTIAL] | [1 INSERT: sys_last_10_transactions(1)] + [1 UPDATE: sys_last_10_transactions(1)] | [Has explicit transaction handling] | [Has validation]","{""ProcedureName"":""sys_last_10_transactions_AddQuickButton_1"",""TotalOperations"":2,""Operations"":[{""Index"":1,""Type"":""INSERT"",""Table"":""sys_last_10_transactions"",""Columns"":[""User"",""PartID"",""Operation"",""Quantity"",""Position""],""Values"":[""p_User"",""p_PartID"",""p_Operation"",""p_Quantity"",""p_Position""],""ColumnValuePairs"":[""User = p_User"",""PartID = p_PartID"",""Operation = p_Operation"",""Quantity = p_Quantity"",""Position = p_Position""],""RawSQL"":""INSERT INTO sys_last_10_transactions (User, PartID, Operation, Quantity, Position)\n        VALUES (p_User, p_PartID, p_Operation, p_Quantity, p_Position)""},{""Index"":2,""Type"":""UPDATE"",""Table"":""sys_last_10_transactions"",""SetClauses"":""Position = Position + 1"",""WhereConditions"":[""User = p_User"",""Position >= p_Position""],""HasWhere"":true,""RawSQL"":""UPDATE sys_last_10_transactions\n        SET Position = Position + 1\n        WHERE User = p_User AND Position >= p_Position""}]}","[{""Status"":""Called from UI"",""EventHandler"":""Control_QuickButtons.cs.MenuItemEdit_Click"",""MethodChain"":[""UpdateQuickButtonAsync""],""DAO"":{""Method"":""AddOrShiftQuickButtonAsync"",""File"":""Dao_QuickButtons.cs""},""StoredProcedure"":""sys_last_10_transactions_AddQuickButton_1"",""Tables"":""sys_last_10_transactions"",""ReturnType"":""Task<DaoResult>"",""UIElementUpdated"":{""OnSuccess"":""None detected"",""OnFailure"":""None detected""}},{""Status"":""Called from UI"",""EventHandler"":""Control_QuickButtons.cs.ListView_SelectedIndexChanged"",""MethodChain"":[],""DAO"":{""Method"":""AddQuickButtonAtPositionAsync"",""File"":""Dao_QuickButtons.cs""},""StoredProcedure"":""sys_last_10_transactions_AddQuickButton_1"",""Tables"":""sys_last_10_transactions"",""ReturnType"":""Task<DaoResult>"",""UIElementUpdated"":{""OnSuccess"":""Show"",""OnFailure"":""None detected""}}]","","","False"
"sys_last_10_transactions_Get_ByUser_1","System","QUERY","NONE (Read-only)","High","Read","0","","0","","0","","0","Yes","Yes","[READ-ONLY] | [Has explicit transaction handling] | [Has validation]","{""ProcedureName"":""sys_last_10_transactions_Get_ByUser_1"",""TotalOperations"":0,""Operations"":[]}","{""Status"":""Not called from C# code"",""StoredProcedure"":""sys_last_10_transactions_Get_ByUser_1"",""Tables"":""sys_last_10_transactions"",""Note"":""May be legacy, unused, called from other stored procedures, or background services""}","","","False"
"sys_last_10_transactions_Get_ByUser","System","QUERY","NONE (Read-only)","High","Read","0","","0","","0","","0","Yes","Yes","[READ-ONLY] | [Has explicit transaction handling] | [Has validation]","{""ProcedureName"":""sys_last_10_transactions_Get_ByUser"",""TotalOperations"":0,""Operations"":[]}","{""Status"":""Called from UI"",""EventHandler"":""Control_QuickButtons.cs.ListView_SelectedIndexChanged"",""MethodChain"":[],""DAO"":{""Method"":""LoadLast10Transactions"",""File"":""Control_QuickButtons.cs""},""StoredProcedure"":""sys_last_10_transactions_Get_ByUser"",""Tables"":""sys_last_10_transactions"",""ReturnType"":""Task"",""UIElementUpdated"":{""OnSuccess"":""None detected"",""OnFailure"":[""SetComboBoxes"",""SetTextBoxText""]}}","","","False"
"sys_last_10_transactions_Move_1","System","SEQUENTIAL","EXPLICIT (Already implemented)","High","Transfer","1","sys_last_10_transactions(1)","2","sys_last_10_transactions(2)","1","sys_last_10_transactions(1)","4","Yes","Yes","[SEQUENTIAL] | [1 INSERT: sys_last_10_transactions(1)] + [2 UPDATEs: sys_last_10_transactions(2)] + [1 DELETE: sys_last_10_transactions(1)] | [Has explicit transaction handling] | [Has validation]","{""ProcedureName"":""sys_last_10_transactions_Move_1"",""TotalOperations"":4,""Operations"":[{""Index"":1,""Type"":""INSERT"",""Table"":""sys_last_10_transactions"",""Columns"":[""User"",""PartID"",""Operation"",""Quantity"",""Position""],""Values"":[""p_User"",""tempPartID"",""tempOperation"",""tempQuantity"",""p_ToPosition""],""ColumnValuePairs"":[""User = p_User"",""PartID = tempPartID"",""Operation = tempOperation"",""Quantity = tempQuantity"",""Position = p_ToPosition""],""RawSQL"":""INSERT INTO sys_last_10_transactions (User, PartID, Operation, Quantity, Position)\n            VALUES (p_User, tempPartID, tempOperation, tempQuantity, p_ToPosition)""},{""Index"":2,""Type"":""UPDATE"",""Table"":""sys_last_10_transactions"",""SetClauses"":""Position = Position - 1"",""WhereConditions"":[""User = p_User"",""Position > p_FromPosition"",""Position <= p_ToPosition""],""HasWhere"":true,""RawSQL"":""UPDATE sys_last_10_transactions\n                SET Position = Position - 1\n                WHERE User = p_User AND Position > p_FromPosition AND Position <= p_ToPosition""},{""Index"":3,""Type"":""UPDATE"",""Table"":""sys_last_10_transactions"",""SetClauses"":""Position = Position + 1"",""WhereConditions"":[""User = p_User"",""Position >= p_ToPosition"",""Position < p_FromPosition""],""HasWhere"":true,""RawSQL"":""UPDATE sys_last_10_transactions\n                SET Position = Position + 1\n                WHERE User = p_User AND Position >= p_ToPosition AND Position < p_FromPosition""},{""Index"":4,""Type"":""DELETE"",""Table"":""sys_last_10_transactions"",""WhereConditions"":[""User = p_User"",""Position = p_FromPosition""],""HasWhere"":true,""Warning"":"""",""RawSQL"":""DELETE FROM sys_last_10_transactions\n            WHERE User = p_User AND Position = p_FromPosition""}]}","{""Status"":""Not called from C# code"",""StoredProcedure"":""sys_last_10_transactions_Move_1"",""Tables"":[""position"",""sys_last_10_transactions""],""Note"":""May be legacy, unused, called from other stored procedures, or background services""}","","","False"
"sys_last_10_transactions_MoveToLast_ByUser","System","SIMPLE_UPDATE","IMPLICIT (Single DML)","High","Complex","0","","1","sys_last_10_transactions(1)","0","","1","Yes","Yes","[SIMPLE_UPDATE] | [1 UPDATE: sys_last_10_transactions(1)] | [Has explicit transaction handling] | [Has validation]","{""ProcedureName"":""sys_last_10_transactions_MoveToLast_ByUser"",""TotalOperations"":1,""Operations"":[{""Index"":1,""Type"":""UPDATE"",""Table"":""sys_last_10_transactions"",""SetClauses"":[""ReceiveDate = DATE_ADD(latest_date"",""INTERVAL 1 SECOND)""],""WhereConditions"":""id = target_id"",""HasWhere"":true,""RawSQL"":""UPDATE sys_last_10_transactions\n                SET ReceiveDate = DATE_ADD(latest_date, INTERVAL 1 SECOND)\n                WHERE id = target_id""}]}","{""Status"":""Not called from C# code"",""StoredProcedure"":""sys_last_10_transactions_MoveToLast_ByUser"",""Tables"":[""sys_last_10_transactions"",""transaction""],""Note"":""May be legacy, unused, called from other stored procedures, or background services""}","","","False"
"sys_last_10_transactions_RemoveAndShift_ByUser_1","System","MIXED_DML","EXPLICIT (Already implemented)","High","Complex","0","","1","sys_last_10_transactions(1)","1","sys_last_10_transactions(1)","2","Yes","Yes","[MIXED_DML] | [1 UPDATE: sys_last_10_transactions(1)] + [1 DELETE: sys_last_10_transactions(1)] | [Has explicit transaction handling] | [Has validation]","{""ProcedureName"":""sys_last_10_transactions_RemoveAndShift_ByUser_1"",""TotalOperations"":2,""Operations"":[{""Index"":1,""Type"":""UPDATE"",""Table"":""sys_last_10_transactions"",""SetClauses"":""Position = Position - 1"",""WhereConditions"":[""User = p_User"",""Position > p_Position""],""HasWhere"":true,""RawSQL"":""UPDATE sys_last_10_transactions\n            SET Position = Position - 1\n            WHERE User = p_User AND Position > p_Position""},{""Index"":2,""Type"":""DELETE"",""Table"":""sys_last_10_transactions"",""WhereConditions"":[""User = p_User"",""Position = p_Position""],""HasWhere"":true,""Warning"":"""",""RawSQL"":""DELETE FROM sys_last_10_transactions\n            WHERE User = p_User AND Position = p_Position""}]}","{""Status"":""Not called from C# code"",""StoredProcedure"":""sys_last_10_transactions_RemoveAndShift_ByUser_1"",""Tables"":""sys_last_10_transactions"",""Note"":""May be legacy, unused, called from other stored procedures, or background services""}","","","False"
"sys_last_10_transactions_RemoveAndShift_ByUser","System","MIXED_DML","EXPLICIT (Already implemented)","High","Complex","0","","1","sys_last_10_transactions(1)","1","sys_last_10_transactions(1)","2","Yes","Yes","[MIXED_DML] | [1 UPDATE: sys_last_10_transactions(1)] + [1 DELETE: sys_last_10_transactions(1)] | [Has explicit transaction handling] | [Has validation]","{""ProcedureName"":""sys_last_10_transactions_RemoveAndShift_ByUser"",""TotalOperations"":2,""Operations"":[{""Index"":1,""Type"":""UPDATE"",""Table"":""sys_last_10_transactions"",""SetClauses"":""ReceiveDate = prev_date"",""WhereConditions"":""id = curr_id"",""HasWhere"":true,""RawSQL"":""UPDATE sys_last_10_transactions\n                SET ReceiveDate = prev_date\n                WHERE id = curr_id""},{""Index"":2,""Type"":""DELETE"",""Table"":""sys_last_10_transactions"",""WhereConditions"":[""User = p_User"",""ReceiveDate = p_ReceiveDate LIMIT 1""],""HasWhere"":true,""Warning"":"""",""RawSQL"":""DELETE FROM sys_last_10_transactions\n            WHERE User = p_User AND ReceiveDate = p_ReceiveDate\n            LIMIT 1""}]}","{""Status"":""Called from UI"",""EventHandler"":""Control_QuickButtons.cs.ListView_SelectedIndexChanged"",""MethodChain"":[],""DAO"":{""Method"":""RemoveQuickButtonAndShiftAsync"",""File"":""Dao_QuickButtons.cs""},""StoredProcedure"":""sys_last_10_transactions_RemoveAndShift_ByUser"",""Tables"":""sys_last_10_transactions"",""ReturnType"":""Task<DaoResult>"",""UIElementUpdated"":{""OnSuccess"":""Show"",""OnFailure"":""None detected""}}","","","False"
"sys_last_10_transactions_Reorder_ByUser","System","SEQUENTIAL","EXPLICIT (Already implemented)","High","Complex","2","tempDates(2)","3","sys_last_10_transactions(1), tempDates(2)","1","tempDates(1)","6","Yes","Yes","[SEQUENTIAL] | [2 INSERTs: tempDates(2)] + [3 UPDATEs: sys_last_10_transactions(1), tempDates(2)] + [1 DELETE: tempDates(1)] | [Has explicit transaction handling] | [Has validation]","{""ProcedureName"":""sys_last_10_transactions_Reorder_ByUser"",""TotalOperations"":5,""Operations"":[{""Index"":1,""Type"":""INSERT"",""Table"":""tempDates"",""Columns"":[""idx"",""dt""],""Values"":[""p_TargetIndex + 1"",""v_SrcDate""],""ColumnValuePairs"":[""idx = p_TargetIndex + 1"",""dt = v_SrcDate""],""RawSQL"":""INSERT INTO tempDates (idx, dt) VALUES (p_TargetIndex + 1, v_SrcDate)""},{""Index"":2,""Type"":""UPDATE"",""Table"":""tempDates"",""SetClauses"":""idx = idx - 1"",""WhereConditions"":""idx > v_SrcIdx"",""HasWhere"":true,""RawSQL"":""UPDATE tempDates SET idx = idx - 1 WHERE idx > v_SrcIdx""},{""Index"":3,""Type"":""UPDATE"",""Table"":""tempDates"",""SetClauses"":""idx = idx + 1"",""WhereConditions"":""idx > p_TargetIndex"",""HasWhere"":true,""RawSQL"":""UPDATE tempDates SET idx = idx + 1 WHERE idx > p_TargetIndex""},{""Index"":4,""Type"":""UPDATE"",""Table"":""sys_last_10_transactions"",""SetClauses"":[""ReceiveDate = DATE_ADD(v_BaseTime"",""INTERVAL v_Counter SECOND)""],""WhereConditions"":[""User = p_User"",""ReceiveDate = v_CurDate""],""HasWhere"":true,""RawSQL"":""UPDATE sys_last_10_transactions\n                    SET ReceiveDate = DATE_ADD(v_BaseTime, INTERVAL v_Counter SECOND)\n                    WHERE User = p_User AND ReceiveDate = v_CurDate""},{""Index"":5,""Type"":""DELETE"",""Table"":""tempDates"",""WhereConditions"":""idx = v_SrcIdx"",""HasWhere"":true,""Warning"":"""",""RawSQL"":""DELETE FROM tempDates WHERE idx = v_SrcIdx""}]}","{""Status"":""Not called from C# code"",""StoredProcedure"":""sys_last_10_transactions_Reorder_ByUser"",""Tables"":[""tempDates"",""sys_last_10_transactions""],""Note"":""May be legacy, unused, called from other stored procedures, or background services""}","","","False"
"sys_last_10_transactions_SwapPositions_ByUser","System","BATCH_UPDATE","EXPLICIT (Already implemented)","High","Complex","0","","2","sys_last_10_transactions(2)","0","","2","Yes","Yes","[BATCH_UPDATE] | [2 UPDATEs: sys_last_10_transactions(2)] | [Has explicit transaction handling] | [Has validation]","{""ProcedureName"":""sys_last_10_transactions_SwapPositions_ByUser"",""TotalOperations"":2,""Operations"":[{""Index"":1,""Type"":""UPDATE"",""Table"":""sys_last_10_transactions"",""SetClauses"":""ReceiveDate = p_ReceiveDate2"",""WhereConditions"":""id = id1"",""HasWhere"":true,""RawSQL"":""UPDATE sys_last_10_transactions\n            SET ReceiveDate = p_ReceiveDate2\n            WHERE id = id1""},{""Index"":2,""Type"":""UPDATE"",""Table"":""sys_last_10_transactions"",""SetClauses"":""ReceiveDate = temp_date"",""WhereConditions"":""id = id2"",""HasWhere"":true,""RawSQL"":""UPDATE sys_last_10_transactions\n            SET ReceiveDate = temp_date\n            WHERE id = id2""}]}","{""Status"":""Not called from C# code"",""StoredProcedure"":""sys_last_10_transactions_SwapPositions_ByUser"",""Tables"":""sys_last_10_transactions"",""Note"":""May be legacy, unused, called from other stored procedures, or background services""}","","","False"
"sys_last_10_transactions_Update_ByUserAndDate","System","SIMPLE_UPDATE","IMPLICIT (Single DML)","High","Update","0","","1","sys_last_10_transactions(1)","0","","1","Yes","Yes","[SIMPLE_UPDATE] | [1 UPDATE: sys_last_10_transactions(1)] | [Has explicit transaction handling] | [Has validation]","{""ProcedureName"":""sys_last_10_transactions_Update_ByUserAndDate"",""TotalOperations"":1,""Operations"":[{""Index"":1,""Type"":""UPDATE"",""Table"":""sys_last_10_transactions"",""SetClauses"":[""PartID = p_PartID"",""Operation = p_Operation"",""Quantity = p_Quantity"",""ReceiveDate = NOW()""],""WhereConditions"":[""User = p_User"",""ReceiveDate = p_OldReceiveDate""],""HasWhere"":true,""RawSQL"":""UPDATE sys_last_10_transactions\n            SET PartID = p_PartID,\n                Operation = p_Operation,\n                Quantity = p_Quantity,\n                ReceiveDate = NOW()\n            WHERE User = p_User AND ReceiveDate = p_OldReceiveDate""}]}","{""Status"":""Not called from C# code"",""StoredProcedure"":""sys_last_10_transactions_Update_ByUserAndDate"",""Tables"":[""sys_last_10_transactions"",""transaction""],""Note"":""May be legacy, unused, called from other stored procedures, or background services""}","","","False"
"sys_last_10_transactions_Update_ByUserAndPosition_1","System","SIMPLE_UPDATE","IMPLICIT (Single DML)","High","Update","0","","1","sys_last_10_transactions(1)","0","","1","Yes","Yes","[SIMPLE_UPDATE] | [1 UPDATE: sys_last_10_transactions(1)] | [Has explicit transaction handling] | [Has validation]","{""ProcedureName"":""sys_last_10_transactions_Update_ByUserAndPosition_1"",""TotalOperations"":1,""Operations"":[{""Index"":1,""Type"":""UPDATE"",""Table"":""sys_last_10_transactions"",""SetClauses"":[""PartID = p_PartID"",""Operation = p_Operation"",""Quantity = p_Quantity""],""WhereConditions"":[""User = p_User"",""Position = p_Position""],""HasWhere"":true,""RawSQL"":""UPDATE sys_last_10_transactions\n            SET PartID = p_PartID,\n                Operation = p_Operation,\n                Quantity = p_Quantity\n            WHERE User = p_User AND Position = p_Position""}]}","{""Status"":""Called from UI"",""EventHandler"":""Control_QuickButtons.cs.ListView_SelectedIndexChanged"",""MethodChain"":[],""DAO"":{""Method"":""UpdateQuickButtonAsync"",""File"":""Dao_QuickButtons.cs""},""StoredProcedure"":""sys_last_10_transactions_Update_ByUserAndPosition_1"",""Tables"":[""sys_last_10_transactions"",""transaction""],""ReturnType"":""Task<DaoResult>"",""UIElementUpdated"":{""OnSuccess"":""Show"",""OnFailure"":""None detected""}}","","","False"
"sys_role_GetIdByName","System","QUERY","NONE (Read-only)","High","Complex","0","","0","","0","","0","Yes","Yes","[READ-ONLY] | [Has explicit transaction handling] | [Has validation]","{""ProcedureName"":""sys_role_GetIdByName"",""TotalOperations"":0,""Operations"":[]}","{""Status"":""Not called from C# code"",""StoredProcedure"":""sys_role_GetIdByName"",""Tables"":""sys_roles"",""Note"":""May be legacy, unused, called from other stored procedures, or background services""}","","","False"
"sys_roles_Get_ById","System","QUERY","NONE (Read-only)","High","Read","0","","0","","0","","0","Yes","Yes","[READ-ONLY] | [Has explicit transaction handling] | [Has validation]","{""ProcedureName"":""sys_roles_Get_ById"",""TotalOperations"":0,""Operations"":[]}","{""Status"":""Not called from C# code"",""StoredProcedure"":""sys_roles_Get_ById"",""Tables"":""sys_roles"",""Note"":""May be legacy, unused, called from other stored procedures, or background services""}","","","False"
"sys_theme_GetAll","System","QUERY","NONE (Read-only)","High","Complex","0","","0","","0","","0","Yes","Yes","[READ-ONLY] | [Has explicit transaction handling] | [Has validation]","{""ProcedureName"":""sys_theme_GetAll"",""TotalOperations"":0,""Operations"":[]}","{""Status"":""Called from UI"",""EventHandler"":""Control_RemoveTab.cs.Control_RemoveTab_Button_ShowAll_Click"",""MethodChain"":[""Exception""],""DAO"":{""Method"":""CheckConnectivityAsync"",""File"":""Dao_System.cs""},""StoredProcedure"":""sys_theme_GetAll"",""Tables"":""app_themes"",""ReturnType"":""Task<DaoResult>"",""UIElementUpdated"":{""OnSuccess"":""None detected"",""OnFailure"":""None detected""}}","","","False"
"sys_user_access_SetType","System","SIMPLE_UPDATE","IMPLICIT (Single DML)","High","Complex","0","","1","usr_users(1)","0","","1","Yes","Yes","[SIMPLE_UPDATE] | [1 UPDATE: usr_users(1)] | [Has explicit transaction handling] | [Has validation]","{""ProcedureName"":""sys_user_access_SetType"",""TotalOperations"":1,""Operations"":[{""Index"":1,""Type"":""UPDATE"",""Table"":""usr_users"",""SetClauses"":""VitsUser = p_AccessType"",""WhereConditions"":""User = p_User"",""HasWhere"":true,""RawSQL"":""UPDATE usr_users SET VitsUser = p_AccessType WHERE User = p_User""}]}","{""Status"":""Called from UI"",""EventHandler"":""Control_RemoveTab.cs.Control_RemoveTab_Button_ShowAll_Click"",""MethodChain"":[""Exception""],""DAO"":{""Method"":""SetUserAccessTypeAsync"",""File"":""Dao_System.cs""},""StoredProcedure"":""sys_user_access_SetType"",""Tables"":[""usr_users"",""access""],""ReturnType"":""Task<DaoResult>"",""UIElementUpdated"":{""OnSuccess"":""None detected"",""OnFailure"":""None detected""}}","","","False"
"sys_user_GetByName","System","QUERY","NONE (Read-only)","High","Complex","0","","0","","0","","0","Yes","Yes","[READ-ONLY] | [Has explicit transaction handling] | [Has validation]","{""ProcedureName"":""sys_user_GetByName"",""TotalOperations"":0,""Operations"":[]}","{""Status"":""Not called from C# code"",""StoredProcedure"":""sys_user_GetByName"",""Tables"":""usr_users"",""Note"":""May be legacy, unused, called from other stored procedures, or background services""}","","","False"
"sys_user_GetIdByName","System","QUERY","NONE (Read-only)","High","Complex","0","","0","","0","","0","Yes","Yes","[READ-ONLY] | [Has explicit transaction handling] | [Has validation]","{""ProcedureName"":""sys_user_GetIdByName"",""TotalOperations"":0,""Operations"":[]}","{""Status"":""Called from UI"",""EventHandler"":""Control_RemoveTab.cs.Control_RemoveTab_Button_ShowAll_Click"",""MethodChain"":[""Exception""],""DAO"":{""Method"":""GetUserIdByNameAsync"",""File"":""Dao_System.cs""},""StoredProcedure"":""sys_user_GetIdByName"",""Tables"":""usr_users"",""ReturnType"":""Task<DaoResult<int>>"",""UIElementUpdated"":{""OnSuccess"":""None detected"",""OnFailure"":""None detected""}}","","","False"
"sys_user_roles_Add","System","SIMPLE_INSERT","IMPLICIT (Single DML)","High","Complex","1","sys_user_roles(1)","0","","0","","1","Yes","Yes","[SIMPLE_INSERT] | [1 INSERT: sys_user_roles(1)] | [Has explicit transaction handling] | [Has validation]","{""ProcedureName"":""sys_user_roles_Add"",""TotalOperations"":1,""Operations"":[{""Index"":1,""Type"":""INSERT"",""Table"":""sys_user_roles"",""Columns"":[""UserID"",""RoleID"",""AssignedBy""],""Values"":[""p_UserID"",""p_RoleID"",""p_AssignedBy""],""ColumnValuePairs"":[""UserID = p_UserID"",""RoleID = p_RoleID"",""AssignedBy = p_AssignedBy""],""RawSQL"":""INSERT INTO sys_user_roles (UserID, RoleID, AssignedBy)\n                    VALUES (p_UserID, p_RoleID, p_AssignedBy)""}]}","{""Status"":""Called from UI"",""EventHandler"":""Control_Add_Operation.cs.Control_Add_Operation_Button_Save_Click"",""MethodChain"":[""ShowProgress""],""DAO"":{""Method"":""AddUserRoleAsync"",""File"":""Dao_User.cs""},""StoredProcedure"":""sys_user_roles_Add"",""Tables"":[""usr_users"",""sys_roles"",""sys_user_roles""],""ReturnType"":""Task<DaoResult>"",""UIElementUpdated"":{""OnSuccess"":""ShowError"",""OnFailure"":""None detected""}}","","","False"
"sys_user_roles_Delete","System","SIMPLE_DELETE","IMPLICIT (Single DML)","High","Complex","0","","0","","1","sys_user_roles(1)","1","Yes","Yes","[SIMPLE_DELETE] | [1 DELETE: sys_user_roles(1)] | [Has explicit transaction handling] | [Has validation]","{""ProcedureName"":""sys_user_roles_Delete"",""TotalOperations"":1,""Operations"":[{""Index"":1,""Type"":""DELETE"",""Table"":""sys_user_roles"",""WhereConditions"":[""UserID = p_UserID"",""RoleID = p_RoleID""],""HasWhere"":true,""Warning"":"""",""RawSQL"":""DELETE FROM sys_user_roles\n            WHERE UserID = p_UserID AND RoleID = p_RoleID""}]}","{""Status"":""Called from UI"",""EventHandler"":""Control_Remove_User.cs.RemoveUserControl_ComboBox_Users_SelectedIndexChanged"",""MethodChain"":[],""DAO"":{""Method"":""RemoveUserRoleAsync"",""File"":""Dao_User.cs""},""StoredProcedure"":""sys_user_roles_Delete"",""Tables"":[""sys_user_roles"",""user""],""ReturnType"":""Task<DaoResult>"",""UIElementUpdated"":{""OnSuccess"":""None detected"",""OnFailure"":""None detected""}}","","","False"
"sys_user_roles_Update","System","MIXED_DML","EXPLICIT (Already implemented)","High","Complex","1","sys_user_roles(1)","0","","1","sys_user_roles(1)","2","Yes","Yes","[MIXED_DML] | [1 INSERT: sys_user_roles(1)] + [1 DELETE: sys_user_roles(1)] | [Has explicit transaction handling] | [Has validation]","{""ProcedureName"":""sys_user_roles_Update"",""TotalOperations"":2,""Operations"":[{""Index"":1,""Type"":""INSERT"",""Table"":""sys_user_roles"",""Columns"":[""UserID"",""RoleID"",""AssignedBy""],""Values"":[""p_UserID"",""p_NewRoleID"",""p_AssignedBy""],""ColumnValuePairs"":[""UserID = p_UserID"",""RoleID = p_NewRoleID"",""AssignedBy = p_AssignedBy""],""RawSQL"":""INSERT INTO sys_user_roles (UserID, RoleID, AssignedBy)\n                VALUES (p_UserID, p_NewRoleID, p_AssignedBy)""},{""Index"":2,""Type"":""DELETE"",""Table"":""sys_user_roles"",""WhereConditions"":""UserID = p_UserID"",""HasWhere"":true,""Warning"":"""",""RawSQL"":""DELETE FROM sys_user_roles WHERE UserID = p_UserID""}]}","[{""Status"":""Called from UI"",""EventHandler"":""Control_Edit_User.cs.Control_Edit_User_CheckBox_ViewHidePasswords_CheckedChanged"",""MethodChain"":[],""DAO"":{""Method"":""SetUserRoleAsync"",""File"":""Dao_User.cs""},""StoredProcedure"":""sys_user_roles_Update"",""Tables"":[""usr_users"",""sys_roles"",""sys_user_roles"",""user""],""ReturnType"":""Task<DaoResult>"",""UIElementUpdated"":{""OnSuccess"":""None detected"",""OnFailure"":""None detected""}},{""Status"":""Called from DAO (no UI event handler traced)"",""DAO"":{""Method"":""SetUsersRoleAsync"",""File"":""Dao_User.cs""},""StoredProcedure"":""sys_user_roles_Update"",""Tables"":[""usr_users"",""sys_roles"",""sys_user_roles"",""user""],""ReturnType"":""Task<DaoResult>""}]","","","False"
"maint_InsertMissingUserUiSettings","Unknown","SIMPLE_INSERT","IMPLICIT (Single DML)","High","Complex","1","mtm_wip_application(1)","0","","0","","1","Yes","Yes","[SIMPLE_INSERT] | [1 INSERT: mtm_wip_application(1)] | [Has explicit transaction handling] | [Has validation]","{""ProcedureName"":""maint_InsertMissingUserUiSettings"",""TotalOperations"":0,""Operations"":[]}","{""Status"":""Not called from C# code"",""StoredProcedure"":""maint_InsertMissingUserUiSettings"",""Tables"":""mtm_wip_application"",""Note"":""May be legacy, unused, called from other stored procedures, or background services""}","","","False"
"maint_reload_part_ids_and_operation_numbers","Unknown","BATCH_INSERT","EXPLICIT (Already implemented)","High","Complex","2","mtm_wip_application(2)","0","","0","","2","Yes","Yes","[BATCH_INSERT] | [2 INSERTs: mtm_wip_application(2)] | [Has explicit transaction handling] | [Has validation]","{""ProcedureName"":""maint_reload_part_ids_and_operation_numbers"",""TotalOperations"":0,""Operations"":[]}","{""Status"":""Not called from C# code"",""StoredProcedure"":""maint_reload_part_ids_and_operation_numbers"",""Tables"":[""mtm_wip_application"",""mtm"",""JSON_UNQUOTE""],""Note"":""May be legacy, unused, called from other stored procedures, or background services""}","","","False"
"migrate_user_roles_debug","Unknown","BATCH_INSERT","EXPLICIT (Already implemented)","High","Complex","8","mtm_wip_application(1), migration_debug_log(7)","0","","0","","8","Yes","Yes","[BATCH_INSERT] | [8 INSERTs: mtm_wip_application(1), migration_debug_log(7)] | [Has explicit transaction handling] | [Has validation]","{""ProcedureName"":""migrate_user_roles_debug"",""TotalOperations"":7,""Operations"":[{""Index"":1,""Type"":""INSERT"",""Table"":""migration_debug_log"",""Columns"":""message"",""Values"":[""CONCAT('Processing user: '"",""v_old_username""],""ColumnValuePairs"":[""m = CONCAT('Processing user: '""],""RawSQL"":""INSERT INTO migration_debug_log (message) VALUES (CONCAT('Processing user: ', v_old_username)""},{""Index"":2,""Type"":""INSERT"",""Table"":""migration_debug_log"",""Columns"":""message"",""Values"":[""CONCAT('User NOT found in new system: '"",""v_old_username""],""ColumnValuePairs"":[""m = CONCAT('User NOT found in new system: '""],""RawSQL"":""INSERT INTO migration_debug_log (message) VALUES (CONCAT('User NOT found in new system: ', v_old_username)""},{""Index"":3,""Type"":""INSERT"",""Table"":""migration_debug_log"",""Columns"":""message"",""Values"":[""CONCAT('Assigned role: '"",""v_rolename""],""ColumnValuePairs"":[""m = CONCAT('Assigned role: '""],""RawSQL"":""INSERT INTO migration_debug_log (message) VALUES (CONCAT('Assigned role: ', v_rolename)""},{""Index"":4,""Type"":""INSERT"",""Table"":""migration_debug_log"",""Columns"":""message"",""Values"":[""CONCAT('Role NOT found: '"",""v_rolename""],""ColumnValuePairs"":[""m = CONCAT('Role NOT found: '""],""RawSQL"":""INSERT INTO migration_debug_log (message) VALUES (CONCAT('Role NOT found: ', v_rolename)""},{""Index"":5,""Type"":""INSERT"",""Table"":""migration_debug_log"",""Columns"":""message"",""Values"":[""CONCAT('User-role already exists for: '"",""v_old_username"",""' | Role: '"",""v_rolename""],""ColumnValuePairs"":[""m = CONCAT('User-role already exists for: '""],""RawSQL"":""INSERT INTO migration_debug_log (message) VALUES (CONCAT('User-role already exists for: ', v_old_username, ' | Role: ', v_rolename)""},{""Index"":6,""Type"":""INSERT"",""Table"":""migration_debug_log"",""Columns"":""message"",""Values"":[""CONCAT('User-role updated for: '"",""v_old_username"",""' to role: '"",""v_rolename""],""ColumnValuePairs"":[""m = CONCAT('User-role updated for: '""],""RawSQL"":""INSERT INTO migration_debug_log (message) VALUES (CONCAT('User-role updated for: ', v_old_username, ' to role: ', v_rolename)""},{""Index"":7,""Type"":""INSERT"",""Table"":""migration_debug_log"",""Columns"":""message"",""Values"":[""CONCAT('Migrated user: '"",""v_old_username"",""' with role: '"",""v_rolename""],""ColumnValuePairs"":[""m = CONCAT('Migrated user: '""],""RawSQL"":""INSERT INTO migration_debug_log (message) VALUES (CONCAT('Migrated user: ', v_old_username, ' with role: ', v_rolename)""}]}","{""Status"":""Not called from C# code"",""StoredProcedure"":""migrate_user_roles_debug"",""Tables"":[""mtm"",""migration_debug_log"",""mtm_wip_application""],""Note"":""May be legacy, unused, called from other stored procedures, or background services""}","","","False"
"query_get_all_usernames_and_roles","Unknown","QUERY","NONE (Read-only)","High","Read","0","","0","","0","","0","Yes","Yes","[READ-ONLY] | [Has explicit transaction handling] | [Has validation]","{""ProcedureName"":""query_get_all_usernames_and_roles"",""TotalOperations"":0,""Operations"":[]}","{""Status"":""Not called from C# code"",""StoredProcedure"":""query_get_all_usernames_and_roles"",""Tables"":""mtm_wip_application"",""Note"":""May be legacy, unused, called from other stored procedures, or background services""}","","","False"
"sp_ReassignBatchNumbers","Unknown","QUERY","NONE (Read-only)","High","Complex","0","","0","","0","","0","Yes","Yes","[READ-ONLY] | [Has explicit transaction handling] | [Has validation]","{""ProcedureName"":""sp_ReassignBatchNumbers"",""TotalOperations"":0,""Operations"":[]}","{""Status"":""Not called from C# code"",""StoredProcedure"":""sp_ReassignBatchNumbers"",""Tables"":""mtm_wip_application"",""Note"":""May be legacy, unused, called from other stored procedures, or background services""}","","","False"
"usr_ui_settings_Get","Users","QUERY","NONE (Read-only)","High","Complex","0","","0","","0","","0","Yes","Yes","[READ-ONLY] | [Has explicit transaction handling] | [Has validation]","{""ProcedureName"":""usr_ui_settings_Get"",""TotalOperations"":0,""Operations"":[]}","{""Status"":""Called from DAO (no UI event handler traced)"",""DAO"":{""Method"":""GetSettingsJsonInternalAsync"",""File"":""Dao_User.cs""},""StoredProcedure"":""usr_ui_settings_Get"",""Tables"":""usr_ui_settings"",""ReturnType"":""Task<string>""}","","","False"
"usr_ui_settings_GetShortcutsJson","Users","QUERY","NONE (Read-only)","High","Complex","0","","0","","0","","0","Yes","Yes","[READ-ONLY] | [Has explicit transaction handling] | [Has validation]","{""ProcedureName"":""usr_ui_settings_GetShortcutsJson"",""TotalOperations"":0,""Operations"":[]}","{""Status"":""Called from UI"",""EventHandler"":""Control_Shortcuts.cs.ShortcutsDataGridView_CellBeginEdit"",""MethodChain"":[],""DAO"":{""Method"":""GetShortcutsJsonAsync"",""File"":""Dao_User.cs""},""StoredProcedure"":""usr_ui_settings_GetShortcutsJson"",""Tables"":""usr_ui_settings"",""ReturnType"":""Task<DaoResult<string>>"",""UIElementUpdated"":{""OnSuccess"":""None detected"",""OnFailure"":""None detected""}}","","","False"
"usr_ui_settings_SetJsonSetting","Users","SEQUENTIAL","EXPLICIT (Already implemented)","High","Complex","1","usr_ui_settings(1)","1","usr_ui_settings(1)","0","","2","Yes","Yes","[SEQUENTIAL] | [1 INSERT: usr_ui_settings(1)] + [1 UPDATE: usr_ui_settings(1)] | [Has explicit transaction handling] | [Has validation]","{""ProcedureName"":""usr_ui_settings_SetJsonSetting"",""TotalOperations"":2,""Operations"":[{""Index"":1,""Type"":""INSERT"",""Table"":""usr_ui_settings"",""Columns"":[""UserId"",""SettingsJson""],""Values"":[""p_UserId"",""JSON_OBJECT(p_DgvName"",""p_SettingJson""],""ColumnValuePairs"":[""UserId = p_UserId"",""SettingsJson = JSON_OBJECT(p_DgvName""],""RawSQL"":""INSERT INTO usr_ui_settings (UserId, SettingsJson)\n            VALUES (p_UserId, JSON_OBJECT(p_DgvName, p_SettingJson)""},{""Index"":2,""Type"":""UPDATE"",""Table"":""usr_ui_settings"",""SetClauses"":[""SettingsJson = v_CurrentJson"",""UpdatedAt = NOW()""],""WhereConditions"":""UserId = p_UserId"",""HasWhere"":true,""RawSQL"":""UPDATE usr_ui_settings\n            SET SettingsJson = v_CurrentJson, UpdatedAt = NOW()\n            WHERE UserId = p_UserId""}]}","{""Status"":""Called from DAO (no UI event handler traced)"",""DAO"":{""Method"":""SetGridViewSettingsJsonAsync"",""File"":""Dao_User.cs""},""StoredProcedure"":""usr_ui_settings_SetJsonSetting"",""Tables"":""usr_ui_settings"",""ReturnType"":""Task<DaoResult>""}","","","False"
"usr_ui_settings_SetShortcutsJson","Users","SIMPLE_UPDATE","IMPLICIT (Single DML)","High","Complex","0","","1","usr_ui_settings(1)","0","","1","Yes","Yes","[SIMPLE_UPDATE] | [1 UPDATE: usr_ui_settings(1)] | [Has explicit transaction handling] | [Has validation]","{""ProcedureName"":""usr_ui_settings_SetShortcutsJson"",""TotalOperations"":1,""Operations"":[{""Index"":1,""Type"":""UPDATE"",""Table"":""usr_ui_settings"",""SetClauses"":""ShortcutsJson = p_ShortcutsJson"",""WhereConditions"":""UserId = p_UserId"",""HasWhere"":true,""RawSQL"":""UPDATE usr_ui_settings\n        SET ShortcutsJson = p_ShortcutsJson\n        WHERE UserId = p_UserId""}]}","{""Status"":""Called from UI"",""EventHandler"":""Control_Shortcuts.cs.ShortcutsDataGridView_CellBeginEdit"",""MethodChain"":[],""DAO"":{""Method"":""SetShortcutsJsonAsync"",""File"":""Dao_User.cs""},""StoredProcedure"":""usr_ui_settings_SetShortcutsJson"",""Tables"":""usr_ui_settings"",""ReturnType"":""Task<DaoResult>"",""UIElementUpdated"":{""OnSuccess"":""None detected"",""OnFailure"":""None detected""}}","","","False"
"usr_ui_settings_SetThemeJson","Users","SIMPLE_UPDATE","IMPLICIT (Single DML)","High","Complex","0","","1","usr_ui_settings(1)","0","","1","Yes","Yes","[SIMPLE_UPDATE] | [1 UPDATE: usr_ui_settings(1)] | [Has explicit transaction handling] | [Has validation]","{""ProcedureName"":""usr_ui_settings_SetThemeJson"",""TotalOperations"":1,""Operations"":[{""Index"":1,""Type"":""UPDATE"",""Table"":""usr_ui_settings"",""SetClauses"":""SettingsJson = v_SettingsJson"",""WhereConditions"":""UserId = p_UserId"",""HasWhere"":true,""RawSQL"":""UPDATE usr_ui_settings\n            SET SettingsJson = v_SettingsJson\n            WHERE UserId = p_UserId""}]}","{""Status"":""Called from DAO (no UI event handler traced)"",""DAO"":{""Method"":""SetSettingsJsonAsync"",""File"":""Dao_User.cs""},""StoredProcedure"":""usr_ui_settings_SetThemeJson"",""Tables"":""usr_ui_settings"",""ReturnType"":""Task<DaoResult>""}","","","False"
"usr_users_Add_User","Users","SIMPLE_INSERT","IMPLICIT (Single DML)","High","Create","1","usr_users(1)","0","","0","","1","Yes","Yes","[SIMPLE_INSERT] | [1 INSERT: usr_users(1)] | [Has explicit transaction handling] | [Has validation]","{""ProcedureName"":""usr_users_Add_User"",""TotalOperations"":1,""Operations"":[{""Index"":1,""Type"":""INSERT"",""Table"":""usr_users"",""Columns"":[""User"",""Full Name"",""Shift"",""VitsUser"",""Pin"",""LastShownVersion"",""HideChangeLog"",""Theme_Name"",""Theme_FontSize"",""VisualUserName"",""VisualPassword"",""WipServerAddress"",""WipDatabase"",""WipServerPort""],""Values"":[""p_User"",""p_FullName"",""p_Shift"",""p_VitsUser"",""p_Pin"",""p_LastShownVersion"",""p_HideChangeLog"",""p_Theme_Name"",""p_Theme_FontSize"",""p_VisualUserName"",""p_VisualPassword"",""p_WipServerAddress"",""p_WipDatabase"",""p_WipServerPort""],""ColumnValuePairs"":[""User = p_User"",""Full Name = p_FullName"",""Shift = p_Shift"",""VitsUser = p_VitsUser"",""Pin = p_Pin"",""LastShownVersion = p_LastShownVersion"",""HideChangeLog = p_HideChangeLog"",""Theme_Name = p_Theme_Name"",""Theme_FontSize = p_Theme_FontSize"",""VisualUserName = p_VisualUserName"",""VisualPassword = p_VisualPassword"",""WipServerAddress = p_WipServerAddress"",""WipDatabase = p_WipDatabase"",""WipServerPort = p_WipServerPort""],""RawSQL"":""INSERT INTO usr_users (\n            `User`, `Full Name`, `Shift`, `VitsUser`, `Pin`, `LastShownVersion`, `HideChangeLog`,\n            `Theme_Name`, `Theme_FontSize`, `VisualUserName`, `VisualPassword`,\n            `WipServerAddress`, `WipDatabase`, `WipServerPort`\n        ) VALUES (\n            p_User, p_FullName, p_Shift, p_VitsUser, p_Pin, p_LastShownVersion, p_HideChangeLog,\n            p_Theme_Name, p_Theme_FontSize, p_VisualUserName, p_VisualPassword,\n            p_WipServerAddress, p_WipDatabase, p_WipServerPort\n        )""}]}","{""Status"":""Called from UI"",""EventHandler"":""Control_Add_Operation.cs.Control_Add_Operation_Button_Save_Click"",""MethodChain"":[""ShowProgress""],""DAO"":{""Method"":""CreateUserAsync"",""File"":""Dao_User.cs""},""StoredProcedure"":""usr_users_Add_User"",""Tables"":""usr_users"",""ReturnType"":""Task<DaoResult>"",""UIElementUpdated"":{""OnSuccess"":""ShowError"",""OnFailure"":""None detected""}}","","","False"
"usr_users_Delete_User","Users","SIMPLE_DELETE","IMPLICIT (Single DML)","High","Delete","0","","0","","1","usr_users(1)","1","Yes","Yes","[SIMPLE_DELETE] | [1 DELETE: usr_users(1)] | [Has explicit transaction handling] | [Has validation]","{""ProcedureName"":""usr_users_Delete_User"",""TotalOperations"":1,""Operations"":[{""Index"":1,""Type"":""DELETE"",""Table"":""usr_users"",""WhereConditions"":""`User` = p_User"",""HasWhere"":true,""Warning"":"""",""RawSQL"":""DELETE FROM usr_users WHERE `User` = p_User""}]}","{""Status"":""Called from UI"",""EventHandler"":""Control_Remove_User.cs.RemoveUserControl_ComboBox_Users_SelectedIndexChanged"",""MethodChain"":[],""DAO"":{""Method"":""DeleteUserAsync"",""File"":""Dao_User.cs""},""StoredProcedure"":""usr_users_Delete_User"",""Tables"":""usr_users"",""ReturnType"":""Task<DaoResult>"",""UIElementUpdated"":{""OnSuccess"":[""HideProgress"",""Show""],""OnFailure"":""None detected""}}","","","False"
"usr_users_Exists","Users","QUERY","NONE (Read-only)","High","Complex","0","","0","","0","","0","Yes","Yes","[READ-ONLY] | [Has explicit transaction handling] | [Has validation]","{""ProcedureName"":""usr_users_Exists"",""TotalOperations"":0,""Operations"":[]}","{""Status"":""Called from UI"",""EventHandler"":""Control_Add_Operation.cs.Control_Add_Operation_Button_Save_Click"",""MethodChain"":[""ShowProgress""],""DAO"":{""Method"":""UserExistsAsync"",""File"":""Dao_User.cs""},""StoredProcedure"":""usr_users_Exists"",""Tables"":""usr_users"",""ReturnType"":""Task<DaoResult<bool>>"",""UIElementUpdated"":{""OnSuccess"":""ShowError"",""OnFailure"":""None detected""}}","","","False"
"usr_users_Get_All","Users","QUERY","NONE (Read-only)","High","Read","0","","0","","0","","0","Yes","Yes","[READ-ONLY] | [Has explicit transaction handling] | [Has validation]","{""ProcedureName"":""usr_users_Get_All"",""TotalOperations"":0,""Operations"":[]}","[{""Status"":""Called from DAO (no UI event handler traced)"",""DAO"":{""Method"":""GetAllUsersAsync"",""File"":""Dao_User.cs""},""StoredProcedure"":""usr_users_Get_All"",""Tables"":""usr_users"",""ReturnType"":""Task<DaoResult<DataTable>>""},{""Status"":""Called from UI"",""EventHandler"":""Control_Remove_User.cs.RemoveUserControl_ComboBox_Users_SelectedIndexChanged"",""MethodChain"":[],""DAO"":{""Method"":""SetupUserDataTable"",""File"":""Helper_UI_ComboBoxes.cs""},""StoredProcedure"":""usr_users_Get_All"",""Tables"":""usr_users"",""ReturnType"":""Unknown"",""UIElementUpdated"":{""OnSuccess"":""UpdateProgress"",""OnFailure"":""None detected""}}]","","","False"
"usr_users_Get_ByUser","Users","QUERY","NONE (Read-only)","High","Read","0","","0","","0","","0","Yes","Yes","[READ-ONLY] | [Has explicit transaction handling] | [Has validation]","{""ProcedureName"":""usr_users_Get_ByUser"",""TotalOperations"":0,""Operations"":[]}","[{""Status"":""Called from UI"",""EventHandler"":""Control_Database.cs.ResetButton_Click"",""MethodChain"":[],""DAO"":{""Method"":""SetWipServerPortAsync"",""File"":""Dao_User.cs""},""StoredProcedure"":""usr_users_Get_ByUser"",""Tables"":""usr_users"",""ReturnType"":""Task<DaoResult>"",""UIElementUpdated"":{""OnSuccess"":""None detected"",""OnFailure"":""None detected""}},{""Status"":""Called from UI"",""EventHandler"":""Control_Add_Operation.cs.Control_Add_Operation_Button_Save_Click"",""MethodChain"":[""ShowProgress""],""DAO"":{""Method"":""GetUserByUsernameAsync"",""File"":""Dao_User.cs""},""StoredProcedure"":""usr_users_Get_ByUser"",""Tables"":""usr_users"",""ReturnType"":""Task<DaoResult<DataRow>>"",""UIElementUpdated"":{""OnSuccess"":""ShowError"",""OnFailure"":""None detected""}}]","","","False"
"usr_users_Update_User","Users","SIMPLE_UPDATE","IMPLICIT (Single DML)","High","Update","0","","1","usr_users(1)","0","","1","Yes","Yes","[SIMPLE_UPDATE] | [1 UPDATE: usr_users(1)] | [Has explicit transaction handling] | [Has validation]","{""ProcedureName"":""usr_users_Update_User"",""TotalOperations"":1,""Operations"":[{""Index"":1,""Type"":""UPDATE"",""Table"":""usr_users"",""SetClauses"":[""`Full Name` = p_FullName"",""`Shift` = p_Shift"",""`Pin` = p_Pin"",""`VisualUserName` = p_VisualUserName"",""`VisualPassword` = p_VisualPassword""],""WhereConditions"":""`User` = p_User"",""HasWhere"":true,""RawSQL"":""UPDATE usr_users SET\n            `Full Name` = p_FullName,\n            `Shift` = p_Shift,\n            `Pin` = p_Pin,\n            `VisualUserName` = p_VisualUserName,\n            `VisualPassword` = p_VisualPassword\n        WHERE `User` = p_User""}]}","{""Status"":""Called from UI"",""EventHandler"":""Control_Edit_User.cs.Control_Edit_User_CheckBox_ViewHidePasswords_CheckedChanged"",""MethodChain"":[],""DAO"":{""Method"":""UpdateUserAsync"",""File"":""Dao_User.cs""},""StoredProcedure"":""usr_users_Update_User"",""Tables"":""usr_users"",""ReturnType"":""Task<DaoResult>"",""UIElementUpdated"":{""OnSuccess"":""None detected"",""OnFailure"":""None detected""}}","","","False"
